,ward,type,location,year,est_cost,id,start_location,end_location,lat_1,lon_1,query_1,lat_2,lon_2,query_2
33,26,Curb & Gutter Menu,1015-1021 N CAMPBELL AVE,2017,9931.4,21416,1015 N CAMPBELL AVE,1021 N CAMPBELL AVE,,,census,41.86920214700007,-87.68853290799996,census
191,25,Miscellaneous-CDOT,1200-1234 W 18 th St - Racine to Allport on North side,2008,15004.0,20155,1200 W 18 th St - Racine to Allport on North side,1234 W 18 th St - Racine to Allport on North side,,,census,,,census
196,2,Pole Painting,S UNION AVE & S DAN RYAN ENTR RP (1077 S) & S DAN RYAN ENTR RP (1250 S),2011,2700.0,1792,1077 S UNION AVE,1250 S UNION AVE,,,census,41.8656744,-87.6452224,google
197,2,Street Lighting,S UNION AVE & S DAN RYAN ENTR RP (1077 S) & S DAN RYAN ENTR RP (1250 S),2011,3600.0,1801,1077 S UNION AVE,1250 S UNION AVE,,,census,41.8656744,-87.6452224,google
210,26,Street Resurface Menu,N CAMPBELL AVE & W DIVISION ST (1200 N) & W POTOMAC AV (1300 N),2011,33195.0,21200,1200 N CAMPBELL AVE,1300 N CAMPBELL AVE,,,census,,,census
233,3,Sidewalk Menu,1240-1330 S STATE ST,2019,33179.48,2868,1240 S STATE ST,1330 S STATE ST,41.86625487600003,-87.62748378299995,census,,,census
234,3,Sidewalk Menu,1240-1330 S STATE ST,2019,6300.0,2873,1240 S STATE ST,1330 S STATE ST,41.86625487600003,-87.62748378299995,census,,,census
524,25,Street Resurface Menu(1-5),W 23RD ST & S DAMEN AV (2000 W) & S LEAVITT ST (2200 W),2011,106112.0,20482,2000 W 23RD ST,2200 W 23RD ST,41.85036896700007,-87.67583168099998,census,,,census
598,25,Alley Speed Hump Menu,2423-2425 S WENTWORTH AVE,2019,700.0,20735,2423 S WENTWORTH AVE,2425 S WENTWORTH AVE,,,census,,,census
605,25,Sidewalk Menu,2401-2447 W 24TH ST,2022,34232.86,20885,2401 W 24TH ST,2447 W 24TH ST,,,census,,,census
643,28,Sidewalk Menu,W 23RD ST & S WESTERN AV (2400 W) & S ROCKWELL ST (2600 W),2011,32323.0,22635,2400 W 23RD ST,2600 W 23RD ST,41.85021767500007,-87.68576998599997,census,,,census
738,12,Street Light Residential,ON 23 FROM S CALIFORNIA AV (2800 W) TO Dead End (2866 W),2013,72000.0,9300,E 23RD ST and S CALIFORNIA AV,2866 E 23RD ST,,,google,,,census
739,3,Sidewalk Menu - Change Order,ON S STATE ST FROM 2728 S TO 2890 S,2011,89995.0,2603,2728 S STATE ST,2890 S STATE ST,,,census,,,census
934,27,Street Speed Hump Menu,W OHIO ST & N ST LOUIS AV (3500 W) & N HOMAN AV (3400 W),2011,3700.0,21949,3500 W OHIO ST,3400 W OHIO ST,41.8919528,-87.7139665,google,,,census
975,27,Street Resurface Menu,W OHIO ST & N TRUMBULL AV (3432 W) & N ST LOUIS AV (3500 W),2011,39700.0,21946,3432 W OHIO ST,3500 W OHIO ST,,,census,41.8919528,-87.7139665,google
2137,1,Sidewalk Menu,N ASHLAND AVE & W CHICAGO AV (800 N) & W PEARSON ST (840 N),2011,80248.0,417,800 N ASHLAND AVE,840 N ASHLAND AVE,,,census,,,census
2138,1,Sidewalk Menu - Change Order,N ASHLAND AVE & W CHICAGO AV (800 N) & W PEARSON ST (840 N),2011,1526.0,420,800 N ASHLAND AVE,840 N ASHLAND AVE,,,census,,,census
2273,27,POD Camera,"Albany & Walnut - TPC = $20 ,000 (2009 , 2008 menu)",2010,19455.0,21905,Albany & Walnut,"Albany & TPC = $20 ,000 (2009 , 2008 menu)",41.8854175,-87.7037832,google,,,google
2274,27,POD Camera,"Albany & Walnut - TPC = $20 ,000 (2010 , 2009 , 2008 menu)",2009,413.0,21857,Albany & Walnut,"Albany & TPC = $20 ,000 (2010 , 2009 , 2008 menu)",41.8854175,-87.7037832,google,,,google
2275,27,POD Camera,"Albany & Walnut - TPC = $20 ,000 (2010 ,2009 ,2008 )",2008,132.0,21810,Albany & Walnut,"Albany & TPC = $20 ,000 (2010 ,2009 ,2008 )",41.8854175,-87.7037832,google,,,google
2278,35,Street Light Residential,ON ALBANY FROM W ARMITAGE AV (2000 N) TO W PALMER BV (2150 N),2012,96000.0,28508,ALBANY and W ARMITAGE AV,ALBANY and W PALMER BV,,,google,41.9206742,-87.7053041,google
2300,18,Street Light Residential,ON CALIFORNIA FROM W 83 ST (8300 S) TO W 84 ST (8381 S),2012,72000.0,14909,CALIFORNIA and W 83rd ST,CALIFORNIA and W 84th ST,,,google,,,google
2301,18,Street Light Residential,ON CALIFORNIA FROM W 84 ST (8381 S) TO W 85 ST (8461 S),2012,72000.0,14908,CALIFORNIA and W 84th ST,CALIFORNIA and W 85th ST,,,google,,,google
2302,18,Street Light Residential,ON CALIFORNIA FROM W 85 ST (8500 S) TO W 86 ST (8614 S),2012,72000.0,14911,CALIFORNIA and W 85th ST,CALIFORNIA and W 86th ST,,,google,,,google
2303,18,Street Light Residential,ON CALIFORNIA FROM W 86 ST (8614 S) TO W 87 ST (8700 S),2012,72000.0,14912,CALIFORNIA and W 86th ST,CALIFORNIA and W 87th ST,,,google,,,google
2304,28,Street Light Upgrade,ON CALIFORNIA FROM W FILLMORE ST (1028 S) TO W ROOSEVELT RD (1200 S),2012,2000.0,22698,CALIFORNIA and W FILLMORE ST,CALIFORNIA and W ROOSEVELT RD,,,google,,,google
2313,2,Street Light Pole Painting,ON CONGRESS FROM S MORGAN ST (1000 W) TO E EISENHOWER EXIT RP (1284 W),2012,5700.0,1894,CONGRESS and S MORGAN ST,CONGRESS and E EISENHOWER EXIT RP,41.87511055500005,-87.65183329099995,census,,,google
2314,2,Street Light Upgrade,ON CONGRESS FROM S MORGAN ST (1000 W) TO E EISENHOWER EXIT RP (1284 W),2012,7600.0,1917,CONGRESS and S MORGAN ST,CONGRESS and E EISENHOWER EXIT RP,41.87511055500005,-87.65183329099995,census,,,google
2393,9,Sidewalk Menu,E 101 PL-- S PRINCETON AV (300 W) -to- Dead End (350 W),2008,64538.0,6453,E 101st PL AND S PRINCETON AV,E 101st PL AND Dead End,41.7098123,-87.6307827,google,,,google
2470,9,Street Resurface Menu - Change Orde,E 107 PL-- S LANGLEY AV (700 E) -to- Dead End (850 E),2007,12607.0,6436,E 107th PL AND S LANGLEY AV,E 107th PL AND Dead End,41.7001154,-87.6062434,google,,,google
2471,9,Street Resurface Menu,E 107 PL-- S LANGLEY AV (700 E) -to- Dead End (850 E),2008,44051.0,6459,E 107th PL AND S LANGLEY AV,E 107th PL AND Dead End,41.7001154,-87.6062434,google,,,google
2523,9,Curb/Gutter Menu,E 112 ST-- S LANGLEY AV (700 E) -to- Dead End (704 E),2005,23402.0,6339,E 112th ST AND S LANGLEY AV,E 112th ST AND Dead End,41.6910075,-87.6059654,google,,,google
2533,10,Sidewalk Menu,E 113 ST-- S AVENUE H (3731 E) -to- Dead End (2645 E),2010,16649.0,7486,E 113th ST AND S AVENUE H,E 113th ST AND Dead End,41.6900137,-87.5328715,google,,,google
2534,10,Sidewalk Menu,E 113 ST-- S EWING AV (3632 E) -to- Dead End (2645 E),2009,20024.0,7435,E 113th ST AND S EWING AV,E 113th ST AND Dead End,41.6900321,-87.535272,google,,,google
2543,10,Sidewalk Menu,E 114 ST-- S AVENUE J (3700 E) -to- Dead End (1916 E),2010,17816.0,7487,E 114th ST AND S AVENUE J,E 114th ST AND Dead End,41.6881998,-87.5340343,google,,,google
3137,7,Street Lighting,E 71 ST-- S SOUTH SHORE DR (2533 E) -to- Dead End (2617 E),2007,25290.0,4933,E 71st ST AND S SOUTH SHORE DR,E 71st ST AND Dead End,41.7662783,-87.5628152,google,,,google
3140,5,Sidewalk Menu,E 71 ST-- S KENWOOD AV (1332 E) -to- S DORCHESTER AV (1400 E),2005,58852.0,3630,E 71st ST AND S KENWOOD AV,E 71st ST AND S DORCHESTER AV,,,google,41.7650993,-87.5909614,google
3145,7,Street Resurface Menu,E 72 PL-- S EXCHANGE AV (2508 E) -to- Dead End (2511 E),2005,5473.0,4826,E 72nd PL AND S EXCHANGE AV,E 72nd PL AND Dead End,41.7632437,-87.5637852,google,,,google
3146,7,Street Lighting,E 72 PL-- S SOUTH SHORE DR (2589 E) -to- Dead End (2596 E),2007,25000.0,4934,E 72nd PL AND S SOUTH SHORE DR,E 72nd PL AND Dead End,41.7652928,-87.5618289,google,,,google
3147,5,Sidewalk Menu,E 72 PL-- S WOODLAWN AV (1200 E) -to- Dead End (1214 E),2006,17312.0,3686,E 72nd PL AND S WOODLAWN AV,E 72nd PL AND Dead End,41.763255,-87.5957716,google,,,google
3178,7,Street Lighting,E 73 ST-- S SOUTH SHORE DR (2666 E) -to- Dead End (2666 E),2008,29759.0,4993,E 73rd ST AND S SOUTH SHORE DR,E 73rd ST AND Dead End,41.7640519,-87.5606023,google,,,google
3201,7,Street Lighting,E 74 ST-- S SOUTH SHORE DR (2728 E) -to- Dead End (2725 E),2008,29760.0,4994,E 74th ST AND S SOUTH SHORE DR,E 74th ST AND Dead End,41.7623309,-87.5589057,google,,,google
3385,6,Sidewalk Menu,E 84 ST-- DR. MARTIN LUTHER KING JR. DR (400 E) -to- Dead End (1009 E),2009,12898.0,4450,E 84th ST AND DR. MARTIN LUTHER KING JR. DR,E 84th ST AND Dead End,41.7419803,-87.6146848,google,,,google
3404,8,Curb/Gutter Menu,E 85 PL-- Dead End (1269 E) -to- S AVALON AV (1272 E),2009,15156.0,5731,E 85th PL AND Dead End,E 85th PL AND S AVALON AV,,,google,41.7391184,-87.5927824,google
3405,8,Curb/Gutter Menu,E 85 PL-- Dead End (1269 E) -to- S AVALON AV (1272 E),2010,14785.0,5769,E 85th PL AND Dead End,E 85th PL AND S AVALON AV,,,google,41.7391184,-87.5927824,google
3485,8,Street Light Residential Staggered Piggy Back Menu,ON E 88TH ST FROM 1200 east E TO S KIMBARK AVE (1300 E),2018,42000.0,6077,E 88TH ST and 1200 east E,E 88TH ST and S KIMBARK AVE,,,google,41.7349915,-87.5929535,google
3491,8,Sidewalk Menu,E 89 PL-- Dead End (1359 E) -to- S DORCHESTER AV (1400 E),2009,61945.0,5732,E 89th PL AND Dead End,E 89th PL AND S DORCHESTER AV,,,google,41.7322854,-87.590451,google
3621,8,Sidewalk Menu,E 95 PL-- S AVALON AV (1232 E) -to- Dead End (1266 E),2005,25726.0,5490,E 95th PL AND S AVALON AV,E 95th PL AND Dead End,41.7212892,-87.5935478,google,,,google
3642,7,Curb/Gutter Menu,E 97 PL-- S CHAPPEL AV (2032 E) -to- Dead End (2077 E),2007,68198.0,4870,E 97th PL AND S CHAPPEL AV,E 97th PL AND Dead End,41.7179515,-87.5740203,google,,,google
3643,7,Sidewalk Menu,E 97 PL-- S CHAPPEL AV (2032 E) -to- Dead End (2077 E),2008,13675.0,4960,E 97th PL AND S CHAPPEL AV,E 97th PL AND Dead End,41.7179515,-87.5740203,google,,,google
3644,10,Sidewalk Menu,E 97 ST-- S HOUSTON AV (3032 E) -to- Dead End (2643 E),2010,17671.0,7489,E 97th ST AND S HOUSTON AV,E 97th ST AND Dead End,41.7191145,-87.5496496,google,,,google
3655,8,Curb/Gutter Menu - Change Order,E 98 ST-- S AVALON AV (1232 E) -to- Dead End (1266 E),2008,3913.0,5671,E 98th ST AND S AVALON AV,E 98th ST AND Dead End,41.7167517,-87.5933989,google,,,google
3656,10,Sidewalk Menu,E 98 ST-- S ESCANABA AV (2900 E) -to- Dead End (2643 E),2010,36824.0,7490,E 98th ST AND S ESCANABA AV,E 98th ST AND Dead End,41.7172975,-87.5537607,google,,,google
3657,7,Miscellaneous-CDOT,E 98 ST-- S JEFFERY AV (2000 E) -to- Dead End (1266 E),2006,21736.0,4848,E 98th ST AND S JEFFERY AV,E 98th ST AND Dead End,41.7170664,-87.5752217,google,,,google
3675,9,Sidewalk Menu,E 99 PL-- S STATE ST (0 E) -to- Dead End (50 E),2006,34505.0,6393,E 99th PL AND S STATE ST,E 99th PL AND Dead End,41.7135313,-87.6236552,google,,,google
3778,42,Street Lighting,E GRAND AV-- N LAKE SHORE (L) DR(510 E) -to- N FAIRBANKS CT (300 E),2010,5600.0,33797,E GRAND AV AND N LAKE SHOREDR,E GRAND AV AND N FAIRBANKS CT,,,google,41.89180514800006,-87.62023295599994,census
3779,42,Street Lighting,E GRAND AV-- N LAKE SHORE (L) DR(510 E) -to- N FAIRBANKS CT (300 E),2010,18900.0,33798,E GRAND AV AND N LAKE SHOREDR,E GRAND AV AND N FAIRBANKS CT,,,google,41.89180514800006,-87.62023295599994,census
3780,42,Pole Painting,E GRAND AV-- N FAIRBANKS CT (300 E) -to- N LAKE SHORE (L) DR(510 E),2010,8350.0,33789,E GRAND AV AND N FAIRBANKS CT,E GRAND AV AND N LAKE SHOREDR,41.89180514800006,-87.62023295599994,census,,,google
3781,42,Pole Painting,E GRAND AV-- N FAIRBANKS CT (300 E) -to- N LAKE SHORE (L) DR(510 E),2010,4200.0,33790,E GRAND AV AND N FAIRBANKS CT,E GRAND AV AND N LAKE SHOREDR,41.89180514800006,-87.62023295599994,census,,,google
3782,42,Curb/Gutter Menu,E GRAND AV-- N MCCLURG CT (400 E) -to- N LAKE SHORE (L) DR(510 E),2005,10000.0,33448,E GRAND AV AND N MCCLURG CT,E GRAND AV AND N LAKE SHOREDR,41.89184936600003,-87.61769238699998,census,,,google
3802,42,Street Resurface Menu,E HURON ST-- N COLUMBUS DR (301 E) -to- N MCCLURG CT (400 E),2005,29335.0,33490,E HURON ST AND N COLUMBUS DR,E HURON ST AND N MCCLURG CT,,,google,41.8950489,-87.6177852,google
3812,42,Curb/Gutter Menu,E ILLINOIS ST-- N WABASH (L) AV(44 E) -to- N WABASH (L) AV(44 E),2005,10000.0,33452,E ILLINOIS ST AND N WABASHAV,E ILLINOIS ST AND N WABASHAV,,,google,,,google
3831,43,Sidewalk Menu,E NORTH AV-- N ASTOR ST (35 E) -to- Dead End (47 E),2008,9030.0,34491,E NORTH AV AND N ASTOR ST,E NORTH AV AND Dead End,41.91124532300006,-87.62766170799995,census,,,google
3837,42,Street Lighting,E NORTH WATER ST-- N NEW ST (336 E) -to- E NORTH WATER (L) ST(284 E),2010,42000.0,33800,E NORTH WATER ST AND N NEW ST,E NORTH WATER ST AND E NORTH WATERST,41.8895154,-87.6185561,google,,,google
3972,49,Chicago Park District,IBeach access ramp & boardwalk-Jarvis & Lake and,2011,97000.0,39306,IBeach access ramp & boardwalk-Jarvis,IBeach access ramp & Lake and,42.0159136,-87.669144,google,,,google
4030,11,Schools,McInerney Playlot-4400 S Halsted & Emerald,2007,10000.0,8173,McInerney Playlot & 4400 S Halsted,McInerney Playlot & Emerald,,,google,,,google
4179,45,Street Resurface Menu,N AUSTIN AV-- Dead End (5422 N) -to- N NORTHWEST HW (5475 N),2007,11524.0,36117,N AUSTIN AV AND Dead End,N AUSTIN AV AND N NORTHWEST HW,,,google,41.98058838000003,-87.77808589299997,census
4260,45,Street Resurfacing Menu (1-5),ON N AVONDALE AVE FROM N MOODY AVE (5500 N) TO N AUSTIN AV JFK XR (5430 N),2016,126725.1,36541,N AVONDALE AVE and N MOODY AVE,N AVONDALE AVE and N AUSTIN AV JFK XR,41.98091801000004,-87.78219421799997,census,,,google
4309,39,Street Resurface Menu,N BERNARD ST-- W AINSLIE ST (4900 N) -to- Dead End (4947 N),2005,18329.0,31329,N BERNARD ST AND W AINSLIE ST,N BERNARD ST AND Dead End,41.97021305000004,-87.71463599099997,census,,,google
4310,39,Pole Painting,N BERNARD ST-- W LAWRENCE AV (4800 N) -to- Dead End (4947 N),2008,3000.0,31471,N BERNARD ST AND W LAWRENCE AV,N BERNARD ST AND Dead End,41.96839204100007,-87.71458775199994,census,,,google
4438,35,Sidewalk Menu,N CALIFORNIA AV-- W DIVERSEY AV (2800 N) -to- W KENNEDY ENTR RP (2916 N),2010,15776.0,28394,N CALIFORNIA AV AND W DIVERSEY AV,N CALIFORNIA AV AND W KENNEDY ENTR RP,41.932109,-87.6976128,google,,,google
4439,2,Street Lighting,N CALIFORNIA AV-- W MADISON ST (0 N) -to- W KENNEDY ENTR RP (2916 N),2008,5400.0,1395,N CALIFORNIA AV AND W MADISON ST,N CALIFORNIA AV AND W KENNEDY ENTR RP,41.8810889,-87.6962626,google,,,google
4462,43,Pole Painting,N CAMBRIDGE AV-- W BELDEN AV (2300 N) -to- Dead End (2315 N),2006,600.0,34405,N CAMBRIDGE AV AND W BELDEN AV,N CAMBRIDGE AV AND Dead End,41.92372707300007,-87.64221771999996,census,,,google
4802,43,Bollard Menu,ON N COMMONWEALTH AVE FROM 2376 N TO W BELDEN AV (2300 N),2012,1260.0,34744,2376 N COMMONWEALTH AVE,N COMMONWEALTH AVE and W BELDEN AV,,,census,41.92379541100007,-87.63804909699996,census
4899,39,Pole Painting,N DRAKE AV-- W LAWRENCE AV (4800 N) -to- Dead End (5007 N),2008,3000.0,31475,N DRAKE AV AND W LAWRENCE AV,N DRAKE AV AND Dead End,41.96836792200003,-87.71703184399996,census,,,google
4915,39,Street Resurface Menu,N DRAKE AV-- Dead End (5032 N) -to- W FOSTER AV (5200 N),2009,72809.0,31528,N DRAKE AV AND Dead End,N DRAKE AV AND W FOSTER AV,,,google,41.9756614,-87.7172422,google
5145,46,Street Resurface Menu,N GLENWOOD AV-- Dead End (4966 N) -to- W CARMEN AV (5100 N),2009,67002.0,36879,N GLENWOOD AV AND Dead End,N GLENWOOD AV AND W CARMEN AV,,,google,41.9745372,-87.6647001,google
5274,39,Street Resurface Menu,N HAMLIN AV-- W ARGYLE ST (5000 N) -to- Dead End (5111 N),2006,28639.0,31366,N HAMLIN AV AND W ARGYLE ST,N HAMLIN AV AND Dead End,41.9719379,-87.7232219,google,,,google
5331,31,Street Resurface Menu,N HARDING AV-- Dead End (1853 N) -to- W BELMONT AV (3200 N),2009,35815.0,25088,N HARDING AV AND Dead End,N HARDING AV AND W BELMONT AV,,,google,41.9391123,-87.7259572,google
5337,30,Street Resurface Menu,N HARDING AV-- Dead End (1853 N) -to- W CORTLAND ST (1900 N),2006,24286.0,23879,N HARDING AV AND Dead End,N HARDING AV AND W CORTLAND ST,,,google,41.91536168700003,-87.72528065199998,census
5340,27,Curb/Gutter Menu,N HARDING AV-- Dead End (452 N) -to- W FERDINAND ST (500 N),2007,40360.0,21722,N HARDING AV AND Dead End,N HARDING AV AND W FERDINAND ST,,,google,41.88987560200008,-87.72470178899994,census
5550,44,Street Lighting,N HUDSON AV-- Dead End (3169 N) -to- W BELMONT AV (3200 N),2007,28333.0,35305,N HUDSON AV AND Dead End,N HUDSON AV AND W BELMONT AV,,,google,41.9400879,-87.6409034,google
6050,30,Diagonal Parking Menu,N KILDARE AV-- W ARMITAGE AV (2000 N) -to- Dead End (3121 N),2005,29000.0,23799,N KILDARE AV AND W ARMITAGE AV,N KILDARE AV AND Dead End,41.9170927,-87.7338926,google,,,google
6736,50,Sidewalk Menu,ON N LEAVITT ST FROM W THOME AVE (6230 N) TO W ROSEMONT AVE (6300 N) ON W GRANVILLE AVE FROM N HOYNE AVE (2100 W) TO N,2014,29716.0,39963,N LEAVITT ST FROM W THOME AVE (6230 N) TO W ROSEMONT AVE (6300 N) ON W GRANVILLE AVE and W THOME AVE TO W ROSEMONT AVE ON W GRANVILLE AVE FROM N HOYNE AVE,N LEAVITT ST FROM W THOME AVE (6230 N) TO W ROSEMONT AVE (6300 N) ON W GRANVILLE AVE and W ROSEMONT AVE ON W GRANVILLE AVE FROM N HOYNE AVE TO N,41.9096503,-87.6777658,google,,,google
7171,29,Street Lighting,N MAJOR AV-- W NORTH AV (1600 N) -to- Dead End (1721 N),2008,97500.0,23227,N MAJOR AV AND W NORTH AV,N MAJOR AV AND Dead End,41.9093978,-87.7679219,google,,,google
7236,41,Street Resurfacing Menu,ON N MANKATO AVE FROM N IONIA AVE (7200 N) TO N HIAWATHA AVE (7130 N),2021,90297.08,33377,N MANKATO AVE and N IONIA AVE,N MANKATO AVE and AVE FROM N IONIA AVE TO N HIAWATHA AVE,42.01174652600002,-87.77696434399996,census,,,google
8406,41,Street Resurface Menu,N ODELL AV-- Dead End (5952 N) -to- W PETERSON AV (6000 N),2006,19334.0,32813,N ODELL AV AND Dead End,N ODELL AV AND W PETERSON AV,,,google,41.98989441900005,-87.81008017599999,census
8878,44,Street Lighting,N PINE GROVE AV-- Dead End (3169 N) -to- W BELMONT AV (3200 N),2007,28333.0,35308,N PINE GROVE AV AND Dead End,N PINE GROVE AV AND W BELMONT AV,,,google,41.94008399500007,-87.64197652699994,census
9664,39,Pole Painting,N ST LOUIS AV-- W LAWRENCE AV (4800 N) -to- Dead End (4925 N),2008,3000.0,31480,N ST LOUIS AV AND W LAWRENCE AV,N ST LOUIS AV AND Dead End,41.968379982000044,-87.71580577799995,census,,,google
9873,27,Street Speed Hump Menu,N TROY ST-- W FRANKLIN (N) SD(504 N) -to- W OHIO ST (600 N) 2,2009,3500.0,21837,N TROY ST AND W FRANKLINSD,N TROY ST AND W OHIO ST,,,google,41.89191368500008,-87.70521337499997,census
10049,41,Street Resurfacing Menu,ON N WESLEY TR FROM W FOSTER AV (5200 N) TO CITY LIMITS (0 N),2012,6950.0,33110,N WESLEY TR and W FOSTER AV,N WESLEY TR and CITY LIMITS,41.97326816500004,-87.86406726299998,census,,,google
10286,36,Miscellaneous-CDOT,N. Oak & Belden & Railroad Track,2008,2000.0,29195,N. Oak & Belden,N. Oak & Railroad Track,,,google,41.9815154,-87.9396873,google
10342,42,Street Light Pole Painting,ON OHIO FROM N CLARK ST (100 W) TO N FRANKLIN ST (300 W),2012,3300.0,33887,OHIO and N CLARK ST,OHIO and N FRANKLIN ST,41.892428230000064,-87.63114292999995,census,,,google
10343,42,Street Light Upgrade,ON OHIO FROM N CLARK ST (100 W) TO N FRANKLIN ST (300 W),2012,7200.0,33896,OHIO and N CLARK ST,OHIO and N FRANKLIN ST,41.892428230000064,-87.63114292999995,census,,,google
10344,42,Traffic Equipment,ON OHIO FROM N CLARK ST (100 W) TO N FRANKLIN ST (300 W),2012,6050.0,33904,OHIO and N CLARK ST,OHIO and N FRANKLIN ST,41.892428230000064,-87.63114292999995,census,,,google
10346,45,Chicago Park District,Our Lady of Victory & St Johns Food PantryGarden - rain barrels. planting,2013,2500.0,36388,Our Lady of Victory & St Johns Food PantryGarden,Our Lady of Victory & rain barrels. planting,,,google,41.9619884,-87.758604,google
10361,3,Street Light Upgrade,ON PRINCETON FROM W GARFIELD BV (5500 S) TO W 57 ST (5700 S),2012,2100.0,2651,PRINCETON and W GARFIELD BV,PRINCETON and W 57th ST,41.7941746,-87.6548894,google,,,google
10656,2,Traffic Equipment,W ROOSEVELT RD & S ASHLAND & W AVE,2012,3500.0,1946,S ASHLAND & W ROOSEVELT RD,S ASHLAND & W AVE,41.8667957,-87.666311,google,,,google
10657,2,Street Lighting,S ASHLAND AV-- W EISENHOWER EXIT RP (416 S) -to- E EISENHOWER ENTR RP (466 S),2009,5400.0,1566,S ASHLAND AV AND W EISENHOWER EXIT RP,S ASHLAND AV AND E EISENHOWER ENTR RP,,,google,41.9090349,-87.7903483,google
10670,2,Pole Painting,S ASHLAND AV-- E EISENHOWER ENTR RP (466 S) -to- W EISENHOWER EXIT RP (416 S),2007,1200.0,1111,S ASHLAND AV AND E EISENHOWER ENTR RP,S ASHLAND AV AND W EISENHOWER EXIT RP,41.9090349,-87.7903483,google,,,google
10694,2,Alley Apron Menu,ON S ASHLAND AVE FROM 333 S TO W JACKSON BV (300 S),2012,11545.0,1845,333 S ASHLAND AVE,S ASHLAND AVE and W JACKSON BV,,,census,41.8776134,-87.6667468,google
10772,10,Street Speed Hump Menu,S AVENUE F-- Dead End (11162 S) -to- E 112 ST (11200 S) 2,2007,3300.0,7345,S AVENUE F AND Dead End,S AVENUE F AND E 112th ST,,,google,41.6918257,-87.5305171,google
10874,22,Street Speed Hump Menu,S AVERS AV-- W CERMAK RD (2200 S) -to- Dead End (2255 S) 2,2010,3700.0,17538,S AVERS AV AND W CERMAK RD,S AVERS AV AND Dead End,41.8516172,-87.7211,google,,,google
10877,19,Street Resurface Menu,S AVERS AV-- Dead End (10560 S) -to- W 106 ST (10600 S),2006,19944.0,15339,S AVERS AV AND Dead End,S AVERS AV AND W 106th ST,,,google,41.7004536,-87.7170155,google
10878,19,Street Resurface Menu,S AVERS AV-- Dead End (10662 S) -to- W 107 ST (10700 S),2008,30446.0,15402,S AVERS AV AND Dead End,S AVERS AV AND W 107th ST,,,google,41.69862946100005,-87.71691124699998,census
10909,10,Curb/Gutter Menu,S BALTIMORE AV-- Dead End (12957 S) -to- E 130 ST (13000 S),2010,20867.0,7481,S BALTIMORE AV AND Dead End,S BALTIMORE AV AND E 130th ST,,,google,41.65915818700006,-87.54713130499994,census
10910,10,Sidewalk Menu,S BALTIMORE AV-- Dead End (12957 S) -to- E 130 ST (13000 S),2010,72732.0,7496,S BALTIMORE AV AND Dead End,S BALTIMORE AV AND E 130th ST,,,google,41.65915818700006,-87.54713130499994,census
10916,10,Street Resurfacing Menu,ON S BALTIMORE AVE FROM E 130 ST (13000 S) TO E 129 ST (12900 S),2012,21217.0,7606,S BALTIMORE AVE and E 130th ST,S BALTIMORE AVE and E 129th ST,41.65915818700006,-87.54713130499994,census,,,google
10941,19,Street Resurface Menu,S BELL AV-- Dead End (8966 S) -to- W 91 ST (9100 S),2008,63688.0,15403,S BELL AV AND Dead End,S BELL AV AND W 91st ST,,,google,41.72829221000006,-87.67863789999996,census
10976,12,Street Resurfacing Menu,ON S BELL AVE FROM W 34 ST (3400 S) TO W 35 ST (3500 S) ON W 35TH ST FROM S FRANCISCO AV (2900 W) TO S,2013,33486.0,9280,S BELL AVE FROM W 34th ST (3400 S) TO W 35th ST (3500 S) ON W 35TH ST and W 34th ST TO W 35th ST ON W 35TH ST FROM S FRANCISCO AV,S BELL AVE FROM W 34th ST (3400 S) TO W 35th ST (3500 S) ON W 35TH ST and W 35th ST ON W 35TH ST FROM S FRANCISCO AV TO S,41.8737592,-87.6985557,google,,,google
11015,21,Sidewalk Menu,S BEVERLY AV-- S ASHLAND AV (9510 S) -to- Dead End (9366 S),2010,20383.0,16784,S BEVERLY AV AND S ASHLAND AV,S BEVERLY AV AND Dead End,41.72108857200004,-87.66267894699996,census,,,google
11246,9,Street Lighting,S CALUMET AV-- E 117 ST (11704 S) -to- E 118 ST (11800 S),2010,800.0,6544,S CALUMET AV AND E 117th ST,S CALUMET AV AND E 118th ST,41.6813942,-87.6147055,google,,,google
11288,9,Street Resurfacing Menu,ON S CALUMET AVE FROM E 117 ST (11704 S) TO E 118 ST (11800 S),2013,30457.0,6619,S CALUMET AVE and E 117th ST,S CALUMET AVE and E 118th ST,41.6813942,-87.6147055,google,,,google
11348,2,Pole Painting,S CAMPBELL AV-- W HARRISON ST (600 S) -to- W EISENHOWER ENTR RP (416 S),2008,1200.0,1310,S CAMPBELL AV AND W HARRISON ST,S CAMPBELL AV AND W EISENHOWER ENTR RP,41.8738629,-87.6886602,google,,,google
11349,2,Pole Painting,S CAMPBELL AV-- W MADISON ST (0 N) -to- W EISENHOWER ENTR RP (416 S),2008,3800.0,1311,S CAMPBELL AV AND W MADISON ST,S CAMPBELL AV AND W EISENHOWER ENTR RP,41.881145,-87.6888458,google,,,google
11576,18,Street Lighting,S CHRISTIANA AV-- W 79 ST (7900 S) -to- Dead End (7978 S),2010,2000.0,14822,S CHRISTIANA AV AND W 79th ST,S CHRISTIANA AV AND Dead End,41.74974634900008,-87.70604951099995,census,,,google
11662,25,Curb/Gutter Menu,S CLAREMONT AV-- W 13 ST (1300 S) -to- Dead End (1321 S),2006,53697.0,20071,S CLAREMONT AV AND W 13th ST,S CLAREMONT AV AND Dead End,41.86481562400007,-87.68517021599996,census,,,google
11663,25,Street Resurface Menu,S CLAREMONT AV-- W 13 ST (1300 S) -to- Dead End (1321 S),2006,16819.0,20075,S CLAREMONT AV AND W 13th ST,S CLAREMONT AV AND Dead End,41.86481562400007,-87.68517021599996,census,,,google
11956,2,Street Lighting,S DAMEN AV-- E EISENHOWER EXIT RP (500 S) -to- W EISENHOWER ENTR RP (400 S),2010,4050.0,1729,S DAMEN AV AND E EISENHOWER EXIT RP,S DAMEN AV AND W EISENHOWER ENTR RP,41.9090349,-87.7903483,google,,,google
11957,2,Street Lighting,S DAMEN AV-- W JACKSON BV (300 S) -to- W EISENHOWER ENTR RP (400 S),2008,3200.0,1404,S DAMEN AV AND W JACKSON BV,S DAMEN AV AND W EISENHOWER ENTR RP,41.877482289000056,-87.67654353799998,census,,,google
11958,2,Street Lighting,S DAMEN AV-- W JACKSON BV (300 S) -to- W EISENHOWER ENTR RP (400 S),2008,5400.0,1405,S DAMEN AV AND W JACKSON BV,S DAMEN AV AND W EISENHOWER ENTR RP,41.877482289000056,-87.67654353799998,census,,,google
12014,3,Curb/Gutter Menu,S DEARBORN ST-- Dead End (4663 S) -to- W 47 ST (4700 S),2007,74266.0,2417,S DEARBORN ST AND Dead End,S DEARBORN ST AND W 47th ST,,,google,41.80921656200008,-87.62717128199995,census
12192,8,Sidewalk Menu,S EAST END AV-- E 81 ST (8100 S) -to- E 82 ST (8200 S),2006,26458.0,5570,S EAST END AV AND E 81st ST,S EAST END AV AND E 82nd ST,,,google,41.74606011200007,-87.58295252099998,census
12284,21,Sidewalk Menu,S ELIZABETH ST-- Dead End (12152 S) -to- Dead End (6113 S),2008,81964.0,16675,S ELIZABETH ST AND Dead End,S ELIZABETH ST AND Dead End,,,google,,,google
12318,16,Street Resurface Menu,S ELIZABETH ST-- Dead End (6167 S) -to- W 62 ST (6200 S),2006,15521.0,13078,S ELIZABETH ST AND Dead End,S ELIZABETH ST AND W 62nd ST,,,google,41.78140698100003,-87.65581297899996,census
12383,11,Street Resurface Menu,S EMERALD AV-- Dead End (2579 S) -to- W 26 ST (2600 S),2007,3587.0,8153,S EMERALD AV AND Dead End,S EMERALD AV AND W 26th ST,,,google,41.8453278,-87.6452281,google
12542,5,Street Resurface Menu,S EVERETT AV-- Dead End (5457 S) -to- E 55 ST (5500 S),2009,51156.0,3886,S EVERETT AV AND Dead End,S EVERETT AV AND E 55th ST,,,google,41.79524343400004,-87.58253445299994,census
12543,5,Street Lighting,S EVERETT AV-- Dead End (5457 S) -to- E 56 ST (5600 S),2010,3200.0,3915,S EVERETT AV AND Dead End,S EVERETT AV AND E 56th ST,,,google,41.79343850400005,-87.58249023399998,census
12649,19,Street Resurfacing Menu,ON S FAIRFIELD AVE FROM W 103RD ST (10300 S) TO W VAN SCHAIK AVE (10400 S),2014,39779.0,15638,S FAIRFIELD AVE and W 103RD ST,S FAIRFIELD AVE and W VAN SCHAIK AVE,41.7062849,-87.6898364,google,,,google
12653,2,Street Lighting,S FEDERAL ST-- W ROOSEVELT RD (1200 S) -to- Dead End (1450 S),2010,48480.0,1730,S FEDERAL ST AND W ROOSEVELT RD,S FEDERAL ST AND Dead End,41.8653841,-87.7809572,google,,,google
12793,11,Street Resurface Menu,S GRADY CT-- Dead End (2921 S) -to- S ARCHER AV (2955 S),2008,12908.0,8203,S GRADY CT AND Dead End,S GRADY CT AND S ARCHER AV,,,google,41.8407254,-87.6598551,google
12809,3,Pole Painting,S GREEN ST-- W 52 ST (5200 S) -to- Dead End (5227 S),2007,800.0,2448,S GREEN ST AND W 52nd ST,S GREEN ST AND Dead End,41.7997492,-87.6465203,google,,,google
12810,3,Street Lighting,S GREEN ST-- W 52 ST (5200 S) -to- Dead End (5227 S),2007,1800.0,2457,S GREEN ST AND W 52nd ST,S GREEN ST AND Dead End,41.7997492,-87.6465203,google,,,google
12811,3,Street Speed Hump Menu,S GREEN ST-- W 52 ST (5200 S) -to- Dead End (5227 S) 1,2008,1750.0,2490,S GREEN ST AND W 52nd ST,S GREEN ST AND Dead End,41.7997492,-87.6465203,google,,,google
12812,3,Street Lighting,S GREEN ST-- W 52 ST (5200 S) -to- Dead End (5227 S),2009,65000.0,2558,S GREEN ST AND W 52nd ST,S GREEN ST AND Dead End,41.7997492,-87.6465203,google,,,google
12813,21,Sidewalk Menu,S GREEN ST-- W 98 ST (9802 S) -to- Dead End (9012 S),2008,48730.0,16677,S GREEN ST AND W 98th ST,S GREEN ST AND Dead End,41.7158983,-87.6442856,google,,,google
12927,18,Sidewalk Menu,S HAMILTON AV-- W 84 ST (8400 S) -to- Dead End (8416 S),2005,13811.0,14456,S HAMILTON AV AND W 84th ST,S HAMILTON AV AND Dead End,41.74107545200008,-87.67656363799995,census,,,google
12928,18,Street Lighting,S HAMILTON AV-- W 84 ST (8400 S) -to- Dead End (8416 S),2005,1300.0,14483,S HAMILTON AV AND W 84th ST,S HAMILTON AV AND Dead End,41.74107545200008,-87.67656363799995,census,,,google
12929,25,Street Resurface Menu,S HAMILTON AV-- Dead End (1753 S) -to- W 18 ST (1800 S),2005,6428.0,19976,S HAMILTON AV AND Dead End,S HAMILTON AV AND W 18th ST,,,google,41.8576108,-87.679661,google
12944,19,Sidewalk Menu,S HAMILTON AV-- Dead End (8808 S) -to- W 89 ST (8900 S),2010,7263.0,15480,S HAMILTON AV AND Dead End,S HAMILTON AV AND W 89th ST,,,google,41.73194628700003,-87.67631842499998,census
13019,19,Curb/Gutter Menu,S HARDING AV-- W 107 ST (10700 S) -to- Dead End (10718 S),2007,43289.0,15356,S HARDING AV AND W 107th ST,S HARDING AV AND Dead End,41.6985818,-87.7195903,google,,,google
13020,19,Street Resurface Menu,S HARDING AV-- W 107 ST (10700 S) -to- Dead End (10718 S),2007,15060.0,15366,S HARDING AV AND W 107th ST,S HARDING AV AND Dead End,41.6985818,-87.7195903,google,,,google
13057,5,Curb/Gutter Menu,S HARPER AV-- Dead End (6071 S) -to- E 59 ST (5900 S),2010,6052.0,3911,S HARPER AV AND Dead End,S HARPER AV AND E 59th ST,,,google,41.7878722,-87.5891015,google
13260,17,Street Lighting,S HONORE ST-- Dead End (7552 S) -to- W 77 ST (7700 S),2008,130000.0,14004,S HONORE ST AND Dead End,S HONORE ST AND W 77th ST,,,google,41.7538773,-87.6695512,google
13470,8,Sidewalk Menu,S INGLESIDE AV-- DEAD END (7350 S) -to- E 74 ST (7400 S),2005,12544.0,5496,S INGLESIDE AV AND DEAD END,S INGLESIDE AV AND E 74th ST,,,google,41.76044728900007,-87.60176559399997,census
13626,23,Street Resurface Menu,S KEATING AV-- W 53 ST (5300 S) -to- Dead End (5316 S),2010,2264.0,18334,S KEATING AV AND W 53rd ST,S KEATING AV AND Dead End,41.7967049,-87.7416397,google,,,google
13778,23,Street Resurface Menu,S KENNETH AV-- W 53 ST (5300 S) -to- Dead End (3026 S),2008,14754.0,18225,S KENNETH AV AND W 53rd ST,S KENNETH AV AND Dead End,41.79677099100008,-87.73428519999999,census,,,google
13779,13,Street Lighting,S KENNETH AV-- W MARQUETTE RD (6700 S) -to- Dead End (6827 S),2010,130000.0,10071,S KENNETH AV AND W MARQUETTE RD,S KENNETH AV AND Dead End,41.77124872600007,-87.73354152099995,census,,,google
13807,13,Curb/Gutter Menu,S KENTON AV-- W 58 ST (5800 S) -to- Dead End (5822 S),2007,4073.0,9886,S KENTON AV AND W 58th ST,S KENTON AV AND Dead End,41.7876041,-87.737449,google,,,google
14027,22,Street Resurface Menu,S KIRKLAND AV-- W OGDEN AV (2377 S) -to- Dead End (2390 S),2010,36396.0,17529,S KIRKLAND AV AND W OGDEN AV,S KIRKLAND AV AND Dead End,41.84805671400005,-87.73331238699996,census,,,google
14035,22,Street Resurfacing Menu,ON S KNOX AVE FROM W 42ND ST (4200 S) TO W 43RD ST (4299 S),2013,54606.0,17638,S KNOX AVE and W 42ND ST,S KNOX AVE and W 43RD ST,,,google,41.81498510000006,-87.73969998799998,census
14098,14,Street Lighting,S KOMENSKY AV-- W ROOSEVELT RD (1200 S) -to- Dead End (3225 S),2008,260000.0,11314,S KOMENSKY AV AND W ROOSEVELT RD,S KOMENSKY AV AND Dead End,41.8661471,-87.7263759,google,,,google
14326,24,Street Lighting,S LAMON AV-- W ARTHINGTON ST (904 S) -to- Dead End (922 S),2007,2800.0,19461,S LAMON AV AND W ARTHINGTON ST,S LAMON AV AND Dead End,41.869967,-87.7137341,google,,,google
14993,4,Street Resurface Menu,S MARYLAND AV-- E 49 ST (4900 S) -to- Dead End (4918 S),2005,8173.0,3057,S MARYLAND AV AND E 49th ST,S MARYLAND AV AND Dead End,41.80590819500003,-87.60557644699998,census,,,google
15016,13,Street Lighting,S MASON AV-- W 59 ST (5900 S) -to- Dead End (5916 S),2009,27500.0,10001,S MASON AV AND W 59th ST,S MASON AV AND Dead End,41.7852322,-87.7705539,google,,,google
15017,13,Street Lighting,S MASON AV-- W 61 ST (6100 S) -to- Dead End (5916 S),2009,65000.0,10000,S MASON AV AND W 61st ST,S MASON AV AND Dead End,41.7815502,-87.770402,google,,,google
15052,25,Sidewalk Menu,S MAY ST-- W TAYLOR ST (1000 S) -to- Dead End (1050 S),2008,16792.0,20160,S MAY ST AND W TAYLOR ST,S MAY ST AND Dead End,41.8694464,-87.6552548,google,,,google
15120,13,Street Lighting,S MAYFIELD AV-- W 59 ST (5900 S) -to- Dead End (5916 S),2009,27500.0,10003,S MAYFIELD AV AND W 59th ST,S MAYFIELD AV AND Dead End,41.7852574,-87.769341,google,,,google
15121,13,Street Lighting,S MAYFIELD AV-- W 61 ST (6100 S) -to- Dead End (5916 S),2009,65000.0,10002,S MAYFIELD AV AND W 61st ST,S MAYFIELD AV AND Dead End,41.78158385600005,-87.76918988199998,census,,,google
15125,29,Street Lighting,S MAYFIELD AV-- Dead End (100 S) -to- W ADAMS BV (200 S),2007,55000.0,23201,S MAYFIELD AV AND Dead End,S MAYFIELD AV AND W ADAMS BV,,,google,41.87765916400008,-87.77130032299993,census
15192,13,Street Lighting,S MENARD AV-- W 59 ST (5900 S) -to- Dead End (5915 S),2009,27500.0,10004,S MENARD AV AND W 59th ST,S MENARD AV AND Dead End,41.7852986,-87.766895,google,,,google
15378,13,Street Lighting,S MONITOR AV-- W 59 ST (5900 S) -to- Dead End (5916 S),2009,27500.0,10005,S MONITOR AV AND W 59th ST,S MONITOR AV AND Dead End,41.785279,-87.7681149,google,,,google
15457,2,Street Lighting,S MORGAN ST-- W CONGRESS PW (515 S) -to- W EISENHOWER EXIT RP (433 S),2008,1600.0,1418,S MORGAN ST AND W CONGRESS PW,S MORGAN ST AND W EISENHOWER EXIT RP,41.87511055500005,-87.65183329099995,census,,,google
15458,2,Street Lighting,S MORGAN ST-- W CONGRESS PW (515 S) -to- W EISENHOWER EXIT RP (433 S),2008,2700.0,1419,S MORGAN ST AND W CONGRESS PW,S MORGAN ST AND W EISENHOWER EXIT RP,41.87511055500005,-87.65183329099995,census,,,google
15514,23,Curb/Gutter Menu,S MULLIGAN AV-- W 59 ST (5900 S) -to- Dead End (5916 S),2005,11269.0,18010,S MULLIGAN AV AND W 59th ST,S MULLIGAN AV AND Dead End,41.7850299,-87.7803175,google,,,google
15624,23,Street Resurface Menu,S NEENAH AV-- W 59 ST (5900 S) -to- Dead End (5912 S),2006,12530.0,18053,S NEENAH AV AND W 59th ST,S NEENAH AV AND Dead End,41.784952522000026,-87.78519707299995,census,,,google
15718,34,Street Speed Hump Menu,S NORMAL AV-- W 120 ST (12000 S) -to- Dead End (9014 S) 2,2008,3500.0,27420,S NORMAL AV AND W 120th ST,S NORMAL AV AND Dead End,41.676073873000064,-87.63462817299995,census,,,google
15818,16,Sidewalk Menu - Change Order,S OAKLEY AV-- W 51 ST (5100 S) -to- Dead End (5115 S),2005,3591.0,13036,S OAKLEY AV AND W 51st ST,S OAKLEY AV AND Dead End,41.8011386,-87.6818077,google,,,google
15819,16,Sidewalk Menu,S OAKLEY AV-- W 51 ST (5100 S) -to- Dead End (5115 S),2008,15064.0,13179,S OAKLEY AV AND W 51st ST,S OAKLEY AV AND Dead End,41.8011386,-87.6818077,google,,,google
15877,2,Street Lighting,S OAKLEY BV-- W JACKSON BV (300 S) -to- E EISENHOWER ENTR RP (466 S),2008,12000.0,1420,S OAKLEY BV AND W JACKSON BV,S OAKLEY BV AND E EISENHOWER ENTR RP,41.8775772,-87.6838638,google,,,google
16789,18,Pole Painting,S SACRAMENTO AV-- W 71 ST (7100 S) -to- W 74 ST (7400 S),2008,2600.0,14678,S SACRAMENTO AV AND W 71st ST,S SACRAMENTO AV AND W 74th ST,41.76445913600003,-87.69791727899997,census,,,google
16790,18,Street Lighting,S SACRAMENTO AV-- W 71 ST (7100 S) -to- W 74 ST (7400 S),2008,2800.0,14686,S SACRAMENTO AV AND W 71st ST,S SACRAMENTO AV AND W 74th ST,41.76445913600003,-87.69791727899997,census,,,google
16791,18,Street Lighting,S SACRAMENTO AV-- W 73 ST (7300 S) -to- W 74 ST (7400 S),2006,1600.0,14569,S SACRAMENTO AV AND W 73rd ST,S SACRAMENTO AV AND W 74th ST,41.76081309800003,-87.69781678199996,census,,,google
16792,18,Sidewalk Menu,S SACRAMENTO AV-- W 73 ST (7300 S) -to- W 74 ST (7400 S),2008,65681.0,14648,S SACRAMENTO AV AND W 73rd ST,S SACRAMENTO AV AND W 74th ST,41.76081309800003,-87.69781678199996,census,,,google
16793,18,Curb/Gutter Menu,S SACRAMENTO AV-- W 73 ST (7300 S) -to- W 74 ST (7400 S),2009,53040.0,14699,S SACRAMENTO AV AND W 73rd ST,S SACRAMENTO AV AND W 74th ST,41.76081309800003,-87.69781678199996,census,,,google
16798,19,Street Resurfacing Menu,ON S SACRAMENTO AVE FROM W 104 ST (10400 S) TO W 105 ST (10500 S),2013,47261.0,15583,S SACRAMENTO AVE and W 104th ST,S SACRAMENTO AVE and AVE FROM W 104th ST TO W 105th ST,41.704433,-87.6966499,google,,,google
16799,12,Street Light Residential Staggered Piggy Back Menu,ON S SACRAMENTO AVE FROM W 25TH ST (2500 S) TO W CERMAK RD (2200 S),2016,7294.0,9411,S SACRAMENTO AVE and W 25TH ST,S SACRAMENTO AVE and AVE FROM W 25TH ST TO W CERMAK RD,41.8455032,-87.7001507,google,,,google
16800,12,Street Resurfacing Menu,ON S SACRAMENTO AVE FROM W 36TH PL (3630 S) TO W 37TH PL (3730 S),2016,23617.17,9417,S SACRAMENTO AVE and W 36TH PL,S SACRAMENTO AVE and AVE FROM W 36TH PL TO W 37TH PL,41.8272692,-87.6996257,google,,,google
16801,15,Street Light Residential Staggered Piggy Back Menu,ON S SACRAMENTO AVE FROM W 45TH ST (4500 S) TO W 47TH ST (4700 S),2017,166000.0,12846,S SACRAMENTO AVE and W 45TH ST,S SACRAMENTO AVE and AVE FROM W 45TH ST TO W 47TH ST,41.8118363,-87.6992055,google,,,google
16802,14,Sidewalk Menu,ON S SACRAMENTO AVE FROM W 51 ST (5100 S) TO W 52 ST (5200 S),2012,14001.0,11648,S SACRAMENTO AVE and W 51st ST,S SACRAMENTO AVE and AVE FROM W 51st ST TO W 52nd ST,41.8009056,-87.6988912,google,,,google
16803,14,Street Speed Hump Menu,ON S SACRAMENTO AVE FROM W 51ST ST (5100 S) TO W 52ND ST (5200 S),2015,3700.0,11937,S SACRAMENTO AVE and W 51ST ST,S SACRAMENTO AVE and AVE FROM W 51ST ST TO W 52ND ST,41.8009056,-87.6988912,google,,,google
16804,14,Sidewalk Menu,ON S SACRAMENTO AVE FROM W 52 ST (5200 S) TO W 53 ST (5300 S),2012,9422.0,11635,S SACRAMENTO AVE and W 52nd ST,S SACRAMENTO AVE and AVE FROM W 52nd ST TO W 53rd ST,41.7990947,-87.6988449,google,,,google
16805,14,Street Resurfacing Menu,ON S SACRAMENTO AVE FROM W 53RD PL (5330 S) TO W 55TH ST (5500 S),2015,132319.0,11924,S SACRAMENTO AVE and W 53RD PL,S SACRAMENTO AVE and AVE FROM W 53RD PL TO W 55TH ST,41.7963308,-87.6987422,google,,,google
16806,14,Sidewalk Menu,ON S SACRAMENTO AVE FROM W 53 ST (5300 S) TO W 54 ST (5400 S),2012,29839.0,11659,S SACRAMENTO AVE and W 53rd ST,S SACRAMENTO AVE and AVE FROM W 53rd ST TO W 54th ST,41.7963308,-87.6987422,google,,,google
16807,14,Street Speed Hump Menu,ON S SACRAMENTO AVE FROM W 53RD ST (5300 S) TO W 55TH ST (5500 S),2015,3700.0,11931,S SACRAMENTO AVE and W 53RD ST,S SACRAMENTO AVE and AVE FROM W 53RD ST TO W 55TH ST,41.7963308,-87.6987422,google,,,google
16808,14,Alley Apron Menu,ON S SACRAMENTO AVE FROM W 54TH PL (5430 S) TO W 54TH ST (5400 S),2021,4363.445,41028,S SACRAMENTO AVE and W 54TH PL,S SACRAMENTO AVE and AVE FROM W 54TH PL TO W 54TH ST,41.79451583400004,-87.69870115699996,census,,,google
16809,14,Sidewalk Menu,ON S SACRAMENTO AVE FROM W 54 ST (5400 S) TO W 55 ST (5500 S),2012,1572.0,11664,S SACRAMENTO AVE and W 54th ST,S SACRAMENTO AVE and AVE FROM W 54th ST TO W 55th ST,41.7945062,-87.698699,google,,,google
16810,14,Street Resurfacing Menu,ON S SACRAMENTO AVE FROM W 55TH ST (5500 S) TO W 59TH ST (5900 S),2019,1306.49,12136,S SACRAMENTO AVE and W 55TH ST,S SACRAMENTO AVE and AVE FROM W 55TH ST TO W 59TH ST,41.7936005,-87.6986753,google,,,google
16811,14,Street Resurfacing Menu,ON S SACRAMENTO AVE FROM W 55TH ST (5500 S) TO W 59TH ST (5900 S),2020,319476.21,12173,S SACRAMENTO AVE and W 55TH ST,S SACRAMENTO AVE and AVE FROM W 55TH ST TO W 59TH ST,41.7936005,-87.6986753,google,,,google
16812,14,Sidewalk Menu,ON S SACRAMENTO AVE FROM W 57TH ST (5700 S) TO W 58TH ST (5800 S),2019,27001.6,12091,S SACRAMENTO AVE and W 57TH ST,S SACRAMENTO AVE and AVE FROM W 57TH ST TO W 58TH ST,41.7899651,-87.6985577,google,,,google
16813,16,Sidewalk Menu,ON S SACRAMENTO AVE FROM W 58TH ST (5800 S) TO W 59TH ST (5900 S),2016,19412.84,13604,S SACRAMENTO AVE and W 58TH ST,S SACRAMENTO AVE and AVE FROM W 58TH ST TO W 59TH ST,41.7881384,-87.698527,google,,,google
16814,16,Sidewalk Menu,ON S SACRAMENTO AVE FROM W 59TH ST (5900 S) TO W 60TH ST (6000 S),2018,37324.01,13684,S SACRAMENTO AVE and W 59TH ST,S SACRAMENTO AVE and AVE FROM W 59TH ST TO W 60TH ST,41.7863193,-87.6984752,google,,,google
16815,15,Sidewalk Menu,ON S SACRAMENTO AVE FROM W 60TH ST (6000 S) TO W 61ST ST (6100 S),2014,14159.0,12679,S SACRAMENTO AVE and W 60TH ST,S SACRAMENTO AVE and AVE FROM W 60TH ST TO W 61ST ST,41.7845122,-87.6984134,google,,,google
16816,15,Sidewalk Menu,ON S SACRAMENTO AVE FROM W 61ST ST (6100 S) TO W 62ND ST (6200 S),2014,5633.0,12687,S SACRAMENTO AVE and W 61ST ST,S SACRAMENTO AVE and AVE FROM W 61ST ST TO W 62ND ST,41.7826783,-87.6983645,google,,,google
16817,17,Street Speed Hump Menu,ON S SACRAMENTO AVE FROM W 63RD ST (6300 S) TO W 64TH ST (6400 S),2015,3700.0,14235,S SACRAMENTO AVE and W 63RD ST,S SACRAMENTO AVE and AVE FROM W 63RD ST TO W 64TH ST,41.7790555,-87.6982735,google,,,google
16818,17,Street Speed Hump Menu,ON S SACRAMENTO AVE FROM W 63RD ST (6300 S) TO W 64THST (6400 S),2021,2350.0,41293,S SACRAMENTO AVE and W 63RD ST,S SACRAMENTO AVE and AVE FROM W 63RD ST TO W 64THST,41.7790555,-87.6982735,google,,,google
16819,17,Street Resurfacing Menu (1-5),ON S SACRAMENTO AVE FROM W 65TH ST (6500 S) TO W 66TH ST (6600 S),2018,47705.77,14329,S SACRAMENTO AVE and W 65TH ST,S SACRAMENTO AVE and AVE FROM W 65TH ST TO W 66TH ST,41.7753993,-87.698165,google,,,google
16820,18,Street Resurfacing Menu,ON S SACRAMENTO AVE FROM W 71ST ST (7100 S) TO W 72ND ST (7200 S),2014,55801.0,14951,S SACRAMENTO AVE and W 71ST ST,S SACRAMENTO AVE and AVE FROM W 71ST ST TO W 72ND ST,41.7644493,-87.6979188,google,,,google
16821,18,Street Resurfacing Menu,ON S SACRAMENTO AVE FROM W 82ND ST (8200 S) TO W 83RD ST (8300 S),2020,63397.66,15151,S SACRAMENTO AVE and W 82ND ST,S SACRAMENTO AVE and AVE FROM W 82ND ST TO W 83RD ST,41.74440793800005,-87.69735851499996,census,,,google
16822,12,Street Light Residential,ON S SACRAMENTO AVE FROM W CERMAK RD (2200 S) TO W 24 ST (2400 S),2013,144000.0,9290,S SACRAMENTO AVE and W CERMAK RD,S SACRAMENTO AVE and AVE FROM W CERMAK RD TO W 24th ST,41.85183942800006,-87.70036137099999,census,,,google
16823,12,Street Speed Hump Menu,ON S SACRAMENTO AVE FROM W PERSHING RD (3900 S) TO W 40TH ST (4000 S),2018,3700.0,9553,S SACRAMENTO AVE and W PERSHING RD,S SACRAMENTO AVE and AVE FROM W PERSHING RD TO W 40TH ST,41.82269122400004,-87.69953327399998,census,,,google
16824,28,Street Light Pole Painting,ON S SACRAMENTO AVE FROM W POLK ST (800 S) TO W ROOSEVELT RD (1200 S),2015,6300.0,22870,S SACRAMENTO AVE and W POLK ST,S SACRAMENTO AVE and AVE FROM W POLK ST TO W ROOSEVELT RD,41.871010270000056,-87.70092013499999,census,,,google
16825,28,Street Light Upgrade,ON S SACRAMENTO AVE FROM W POLK ST (800 S) TO W ROOSEVELT RD (1200 S),2015,8400.0,22877,S SACRAMENTO AVE and W POLK ST,S SACRAMENTO AVE and AVE FROM W POLK ST TO W ROOSEVELT RD,41.871010270000056,-87.70092013499999,census,,,google
16826,28,Traffic Signal Pole,ON S SACRAMENTO AVE FROM W POLK ST (800 S) TO W ROOSEVELT RD (1200 S),2015,2950.0,22879,S SACRAMENTO AVE and W POLK ST,S SACRAMENTO AVE and AVE FROM W POLK ST TO W ROOSEVELT RD,41.871010270000056,-87.70092013499999,census,,,google
16827,28,Street Resurfacing Menu,ON S SACRAMENTO AVE FROM W TAYLOR ST (1000 S) TO W FILLMORE ST (1100 S),2020,47167.22,23038,S SACRAMENTO AVE and W TAYLOR ST,S SACRAMENTO AVE and AVE FROM W TAYLOR ST TO W FILLMORE ST,41.86918926100003,-87.70086787699995,census,,,google
16828,2,Street Lighting,S SACRAMENTO BV-- W VAN BUREN ST (400 S) -to- E EISENHOWER EXIT RP (510 S),2009,5400.0,1599,S SACRAMENTO BV AND W VAN BUREN ST,S SACRAMENTO BV AND E EISENHOWER EXIT RP,41.8759148,-87.7010713,google,,,google
17245,14,Street Speed Hump Menu,S ST LOUIS AV-- W 43 ST (4300 S) -to- Dead End (3179 S) 2,2010,3500.0,11531,S ST LOUIS AV AND W 43rd ST,S ST LOUIS AV AND Dead End,41.8153514,-87.7114023,google,,,google
17355,20,Sidewalk Menu,ON S STEWART AVE FROM 6202 S TO W 62ND ST (6200 S) ON DR MARTIN LUTHER KING JR DR FROM E 58 ST (5800 S),2013,340.0,16253,6202 S STEWART AVE FROM 6202 S TO W 62ND ST (6200 S) ON DR MARTIN LUTHER KING JR DR,S STEWART AVE FROM 6202 S TO W 62ND ST (6200 S) ON DR MARTIN LUTHER KING JR DR and W 62ND ST ON DR MARTIN LUTHER KING JR DR FROM E 58th ST,41.78079785900008,-87.63507270699995,census,,,google
17362,19,Street Resurface Menu,S TALMAN AV-- W VAN SCHAIK AV (10400 S) -to- W 105 ST (10500 S),2010,41521.0,15494,S TALMAN AV AND W VAN SCHAIK AV,S TALMAN AV AND W 105th ST,,,google,41.7026711,-87.6881929,google
17580,19,Street Resurface Menu,S TRUMBULL AV-- W 113 ST (11300 S) -to- Dead End (11317 S),2005,16788.0,15288,S TRUMBULL AV AND W 113th ST,S TRUMBULL AV AND Dead End,41.68775968600005,-87.70676907099994,census,,,google
17640,34,Street Speed Hump Menu,S UNION AV-- W 120 ST (12000 S) -to- W 121 ST (12100 N) 2,2007,3300.0,27366,S UNION AV AND W 120th ST,S UNION AV AND W 121st ST,41.6760213,-87.6394458,google,,,google
17739,3,Street Lighting,S VERNON AV-- E 43 ST (4300 S) -to- Dead End (4319 S),2006,42500.0,2408,S VERNON AV AND E 43rd ST,S VERNON AV AND Dead End,41.8166447,-87.6152702,google,,,google
17824,3,Sidewalk Menu,ON S WABASH AVE FROM E 22ND ST TO E 23RD ST,2015,1.0,2734,S WABASH AVE and E 22ND ST,S WABASH AVE and E 23RD ST,,,google,41.851095,-87.6254599,google
17969,19,Street Resurfacing Menu (1-5),ON S WASHTENAW AVE FROM W 101ST ST (10100 S) TO W MONSIGNOR MCELLIGOTT AVE (10200 S),2020,55763.39,15812,S WASHTENAW AVE and W 101ST ST,S WASHTENAW AVE and W MONSIGNOR MCELLIGOTT AVE,41.7099552,-87.6891298,google,,,google
18107,6,Sidewalk Menu,S WILLIAMS AV-- Dead End (9160 S) -to- E 92 ST (9200 S),2010,46357.0,4501,S WILLIAMS AV AND Dead End,S WILLIAMS AV AND E 92nd ST,,,google,41.7272975,-87.6185259,google
18127,18,Sidewalk Menu,S WINCHESTER AV-- Dead End (7552 S) -to- W 76 ST (7600 S),2009,44989.0,14711,S WINCHESTER AV AND Dead End,S WINCHESTER AV AND W 76th ST,,,google,41.7557045,-87.6720759,google
18363,34,Street Resurface Menu,S YALE AV-- W 113 ST (11300 S) -to- Dead End (11325 S),2005,17659.0,27203,S YALE AV AND W 113th ST,S YALE AV AND Dead End,41.6888759,-87.6290121,google,,,google
18364,21,Street Lighting,S YALE AV-- W 94 ST (9343 S) -to- Dead End (9386 S),2007,2000.0,16656,S YALE AV AND W 94th ST,S YALE AV AND Dead End,41.72368139900004,-87.62980028799996,census,,,google
18365,21,Street Resurface Menu,S YALE AV-- W 94 ST (9343 S) -to- Dead End (9386 S),2010,12068.0,16806,S YALE AV AND W 94th ST,S YALE AV AND Dead End,41.72368139900004,-87.62980028799996,census,,,google
18400,12,Street Light Residential,ON SACRAMENTO FROM W 24 ST (2400 S) TO W 26 ST (2600 S),2012,144000.0,9233,SACRAMENTO and W 24th ST,SACRAMENTO and FROM W 24th ST TO W 26th ST,,,google,,,google
18401,14,Sidewalk Menu,ON SACRAMENTO FROM W 51 ST (5100 S) TO W 52 ST (5200 S),2012,2621.0,11642,SACRAMENTO and W 51st ST,SACRAMENTO and FROM W 51st ST TO W 52nd ST,,,google,,,google
18402,14,Sidewalk Menu,ON SACRAMENTO FROM W 54 ST (5400 S) TO W 55 ST (5500 S),2012,1043.0,11669,SACRAMENTO and W 54th ST,SACRAMENTO and FROM W 54th ST TO W 55th ST,41.79542834800003,-87.69872929599995,census,,,google
18403,33,Street Light Residential,ON SACRAMENTO FROM W IRVING PARK RD (4000 N) TO W BERTEAU AV (4200 N),2012,144000.0,26800,SACRAMENTO and W IRVING PARK RD,SACRAMENTO and FROM W IRVING PARK RD TO W BERTEAU AV,41.95395260600003,-87.70312705299995,census,,,google
18414,23,Sidewalk Menu,Sidewalk & C & G change orders various locations,2012,100000.0,18523,Sidewalk & C,Sidewalk & G change orders various locations,,,google,,,google
18438,43,Miscellaneous-CDOT,State & North & Astor,2009,332164.0,34572,State & North,State & Astor,,,google,41.9078216,-87.6275552,google
18442,1,Street Light Upgrade,ON STAVE FROM W ARMITAGE AV (2000 N) TO W FRANCIS PL (2064 N),2012,700.0,472,STAVE and W ARMITAGE AV,STAVE and W FRANCIS PL,,,google,41.919349416000045,-87.69425114199998,census
18479,19,Sidewalk Menu,W 100 ST-- Dead End (2625 W) -to- Dead End (2551 W),2005,1518.0,15278,W 100th ST AND Dead End,W 100th ST AND Dead End,,,google,,,google
18484,9,Street Lighting,W 100 ST-- Dead End (409 W) -to- S NORMAL AV (500 W),2010,800.0,6552,W 100th ST AND Dead End,W 100th ST AND S NORMAL AV,,,google,41.7115711,-87.6356711,google
18491,21,Sidewalk Menu,W 101 PL-- S ELIZABETH ST (1232 W) -to- Dead End (1246 W),2007,25815.0,16623,W 101st PL AND S ELIZABETH ST,W 101st PL AND Dead End,41.7090312,-87.6537646,google,,,google
18492,21,Pole Painting,W 101 PL-- S ELIZABETH ST (1232 W) -to- Dead End (1246 W),2010,400.0,16822,W 101st PL AND S ELIZABETH ST,W 101st PL AND Dead End,41.7090312,-87.6537646,google,,,google
18500,21,Pole Painting,W 102 PL-- S ELIZABETH ST (1232 W) -to- Dead End (1266 W),2010,400.0,16823,W 102nd PL AND S ELIZABETH ST,W 102nd PL AND Dead End,41.7081276,-87.6537356,google,,,google
18501,19,Curb/Gutter Menu,W 102 PL-- S FRANCISCO AV (2900 W) -to- Dead End (2930 W),2007,37963.0,15359,W 102nd PL AND S FRANCISCO AV,W 102nd PL AND Dead End,41.7071755,-87.6939933,google,,,google
18502,9,Sidewalk Menu,W 102 PL-- S PRINCETON AV (300 W) -to- Dead End (350 W),2007,55880.0,6431,W 102nd PL AND S PRINCETON AV,W 102nd PL AND Dead End,41.7079959,-87.6307359,google,,,google
18503,19,Street Resurface Menu,W 102 PL-- Dead End (1540 W) -to- S CHARLES ST (1700 W),2008,11061.0,15425,W 102nd PL AND Dead End,W 102nd PL AND S CHARLES ST,,,google,41.7072697,-87.6588579,google
18508,19,Curb/Gutter Menu,W 102 ST-- Dead End (2625 W) -to- Dead End (2536 W),2009,2323.0,15439,W 102nd ST AND Dead End,W 102nd ST AND Dead End,,,google,,,google
18555,34,Street Resurface Menu,W 104 ST-- S NORMAL AV (500 W) -to- Dead End (356 W),2009,40152.0,27476,W 104th ST AND S NORMAL AV,W 104th ST AND Dead End,41.7051781,-87.6355188,google,,,google
18556,34,Street Resurface Menu,W 104 ST-- S WENTWORTH AV (200 W) -to- Dead End (356 W),2010,65512.0,27556,W 104th ST AND S WENTWORTH AV,W 104th ST AND Dead End,41.7052793,-87.6282329,google,,,google
18652,34,Street Speed Hump Menu,W 108 ST-- S PRINCETON AV (300 W) -to- Dead End (350 W) 2,2007,3300.0,27373,W 108th ST AND S PRINCETON AV,W 108th ST AND Dead End,41.6979634,-87.6304499,google,,,google
18682,34,Sidewalk Menu,W 110 PL-- S MORGAN ST (1000 W) -to- Dead End (1044 W),2007,88797.0,27339,W 110th PL AND S MORGAN ST,W 110th PL AND Dead End,41.6931986,-87.6472705,google,,,google
18832,19,Curb/Gutter Menu,W 117 ST-- S ARTESIAN AV (2432 W) -to- Dead End (1976 W),2010,23202.0,15478,W 117th ST AND S ARTESIAN AV,W 117th ST AND Dead End,41.6809001,-87.6820365,google,,,google
18902,9,Sidewalk Menu,W 126 PL-- S EGGLESTON AV (429 W) -to- Dead End (471 W),2009,56544.0,6506,W 126th PL AND S EGGLESTON AV,W 126th PL AND Dead End,41.664293,-87.6330145,google,,,google
18904,9,Street Lighting,W 126 ST-- S STEWART AV (400 W) -to- Dead End (477 W),2009,2000.0,6517,W 126th ST AND S STEWART AV,W 126th ST AND Dead End,41.6652085,-87.6318428,google,,,google
18969,3,Street Resurfacing Menu,ON W 14TH ST FROM S MICHIGAN AVE (100 E) TO S INDIANA AVE (200 E),2017,20480.15,2805,W 14TH ST and S MICHIGAN AVE,W 14TH ST and S INDIANA AVE,41.8167082,-87.62302,google,,,google
18999,24,Street Resurfacing Menu,ON W 15TH ST FROM S KARLOV AV (4100 W) TO S KEDVALE AV (4132 W) ON W TAYLOR ST FROM S KEELER AV (4200 W) TO S,2013,19029.0,19646,W 15TH ST FROM S KARLOV AV (4100 W) TO S KEDVALE AV (4132 W) ON W TAYLOR ST and S KARLOV AV TO S KEDVALE AV ON W TAYLOR ST FROM S KEELER AV,W 15TH ST FROM S KARLOV AV (4100 W) TO S KEDVALE AV (4132 W) ON W TAYLOR ST and S KEDVALE AV ON W TAYLOR ST FROM S KEELER AV TO S,41.8694301,-87.6432576,google,,,google
19064,24,Street Resurfacing Menu,ON W 18TH ST FROM 3650 W TO S LAWNDALE AVE (3700 W),2021,13062.97,19903,3650 W 18TH ST,W 18TH ST and S LAWNDALE AVE,,,census,41.8571196,-87.7176049,google
19140,25,Pole Painting,W 21 ST-- S CARPENTER ST (1040 W) -to- Dead End (2966 W),2005,400.0,20013,W 21st ST AND S CARPENTER ST,W 21st ST AND Dead End,41.8538574,-87.6530921,google,,,google
19181,12,Street Speed Hump Menu,W 22 PL-- S CALIFORNIA AV (2800 W) -to- Dead End (2866 W) 2,2008,3500.0,9059,W 22nd PL AND S CALIFORNIA AV,W 22nd PL AND Dead End,41.8509944,-87.6954138,google,,,google
19291,25,Street Resurface Menu,W 24 PL-- S WESTERN AV (2400 W) -to- VIADUCT (2450 W),2005,22179.0,19991,W 24th PL AND S WESTERN AV,W 24th PL AND VIADUCT,41.8474985,-87.685513,google,,,google
19292,12,Street Resurface Menu,W 24 ST-- S SACRAMENTO AV (3000 W) -to- Dead End (74 W),2006,8702.0,8899,W 24th ST AND S SACRAMENTO AV,W 24th ST AND Dead End,41.8481967,-87.7002346,google,,,google
19307,24,Sidewalk Menu,ON W 24TH ST FROM 2512 W TO S ROCKWELL ST (2600 W),2019,14949.655,41626,2512 W 24TH ST,W 24TH ST and S ROCKWELL ST,,,census,41.84743,-87.6903787,google
19524,12,Street Resurfacing Menu (1-5),ON W 37TH PL FROM S SACRAMENTO AVE (3000 W) TO S KEDZIE AVE (3200 W),2016,81723.36,9413,W 37TH PL and S SACRAMENTO AVE,W 37TH PL and AVE TO S KEDZIE AVE,41.8253565,-87.6995719,google,,,google
19525,12,Sidewalk Menu,W 37 PL-- S SACRAMENTO AV (3000 W) -to- Dead End (3218 W),2005,24154.0,8839,W 37th PL AND S SACRAMENTO AV,W 37th PL AND Dead End,41.8253565,-87.6995719,google,,,google
19526,12,Street Bump Outs Menu,W 37 PL-- S SPAULDING AV (3300 W) -to- Dead End (3417 W),2009,8926.0,9085,W 37th PL AND S SPAULDING AV,W 37th PL AND Dead End,41.8252764,-87.7069069,google,,,google
19607,12,Curb/Gutter Menu,W 42 ST-- Dead End (2273 W) -to- S CAMPBELL AV (2500 W),2009,67869.0,9071,W 42nd ST AND Dead End,W 42nd ST AND S CAMPBELL AV,,,google,41.8174783,-87.6871705,google
19638,12,Sidewalk Menu,W 43 ST-- Dead End (4618 W) -to- W POPE JOHN PAUL II DR (2416 W),2009,1121.0,9081,W 43rd ST AND Dead End,W 43rd ST AND W POPE JOHN PAUL II DR,,,google,41.8154285,-87.7042633,google
19641,11,Street Resurface Menu,W 44 PL-- Dead End (466 W) -to- S WALLACE ST (600 W),2009,64455.0,8246,W 44th PL AND Dead End,W 44th PL AND S WALLACE ST,,,google,41.8135129,-87.640792,google
19643,14,Street Speed Hump Menu,W 44 ST-- S KILDARE AV (4304 W) -to- Dead End (4417 W) 3,2008,5250.0,11305,W 44th ST AND S KILDARE AV,W 44th ST AND Dead End,41.8131467,-87.7312529,google,,,google
19728,4,Sidewalk Menu,ON W 46TH ST FROM S GREENWOOD AV (1100 E) TO S WOODLAWN AV (1200 E),2012,71664.0,3234,W 46TH ST and S GREENWOOD AV,W 46TH ST and S WOODLAWN AV,,,google,41.7587969,-87.5958227,google
19792,14,Sidewalk Menu,W 50 PL-- S RIDGEWAY AV (3732 W) -to- Dead End (3766 W),2008,4848.0,11282,W 50th PL AND S RIDGEWAY AV,W 50th PL AND Dead End,41.8014817,-87.7172419,google,,,google
19833,3,Sidewalk Menu,W 51 PL-- S PRINCETON AV (300 W) -to- Dead End (316 W),2007,41050.0,2426,W 51st PL AND S PRINCETON AV,W 51st PL AND Dead End,41.8009154,-87.633164,google,,,google
19834,3,Street Resurface Menu,W 51 PL-- S PRINCETON AV (300 W) -to- Dead End (316 W),2007,24394.0,2427,W 51st PL AND S PRINCETON AV,W 51st PL AND Dead End,41.8009154,-87.633164,google,,,google
19841,16,Sidewalk Menu,W 51 ST-- S HOYNE AV (2100 W) -to- Dead End (2127 W),2010,1466.0,13297,W 51st ST AND S HOYNE AV,W 51st ST AND Dead End,41.8012017,-87.676942,google,,,google
19858,16,Street Resurface Menu,W 52 PL-- S DAMEN AV (2000 W) -to- Dead End (2125 W),2006,41689.0,13080,W 52nd PL AND S DAMEN AV,W 52nd PL AND Dead End,41.798027,-87.674424,google,,,google
19908,23,Sidewalk Menu,W 52 ST-- S NORMANDY AV (6700 W) -to- STOMA AV (6632 W),2007,26468.0,18127,W 52nd ST AND S NORMANDY AV,W 52nd ST AND STOMA AV,41.7977451,-87.7892741,google,,,google
19911,14,Sidewalk Menu,ON W 53RD PL FROM S SACRAMENTO AV (3000 W) TO S ALBANY AV (3100 W),2012,15780.0,11653,W 53RD PL and S SACRAMENTO AV,W 53RD PL and AV TO S ALBANY AV,41.7963308,-87.6987422,google,,,google
19912,14,Sidewalk Menu,ON W 53RD PL FROM S SACRAMENTO AVE (3000 W) TO S ALBANY AVE (3100 W),2017,26067.9,12009,W 53RD PL and S SACRAMENTO AVE,W 53RD PL and AVE TO S ALBANY AVE,41.7963308,-87.6987422,google,,,google
19936,14,Sidewalk Menu,ON W 53RD ST FROM S SACRAMENTO AV (3000 W) TO S ALBANY AV (3100 W),2012,10175.0,11663,W 53RD ST and S SACRAMENTO AV,W 53RD ST and AV TO S ALBANY AV,41.7963308,-87.6987422,google,,,google
19937,14,Street Resurfacing Menu (1-5),ON W 53RD ST FROM S SACRAMENTO AVE (3000 W) TO S CALIFORNIA AVE (2800 W),2017,120627.59,12024,W 53RD ST and S SACRAMENTO AVE,W 53RD ST and AVE TO S CALIFORNIA AVE,41.7972538,-87.6987754,google,,,google
19938,14,Street Speed Hump Menu,ON W 53RD ST FROM S SACRAMENTO AVE (3000 W) TO S WHIPPLE ST (3030 W),2017,1850.0,12038,W 53RD ST and S SACRAMENTO AVE,W 53RD ST and AVE TO S WHIPPLE ST,41.7972538,-87.6987754,google,,,google
19962,23,Street Resurface Menu,W 53 ST-- STCHEZ AV (6500 W) -to- S NEENAH AV (6531 W),2010,3477.0,18421,W 53rd ST AND STCHEZ AV,W 53rd ST AND S NEENAH AV,,,google,41.7960006,-87.7855847,google
19968,23,Street Resurface Menu,W 53 ST-- STOMA AV (6632 W) -to- S NORMANDY AV (6700 W),2010,2455.0,18424,W 53rd ST AND STOMA AV,W 53rd ST AND S NORMANDY AV,,,google,41.7959315,-87.78923,google
19985,23,Street Resurface Menu,W 53 ST-- SGLE AV (6432 W) -to- STCHEZ AV (6500 W),2010,5539.0,18420,W 53rd ST AND SGLE AV,W 53rd ST AND STCHEZ AV,41.7960185,-87.7831317,google,,,google
19986,23,Street Resurface Menu,W 53 ST-- SSHVILLE AV (6600 W) -to- STOMA AV (6632 W),2010,5652.0,18423,W 53rd ST AND SSHVILLE AV,W 53rd ST AND STOMA AV,41.7959832,-87.7867969,google,,,google
19990,14,Street Speed Hump Menu,ON W 54TH PL FROM S SACRAMENTO AVE (3000 W) TO S KEDZIE AVE (3200 W),2017,7400.0,12034,W 54TH PL and S SACRAMENTO AVE,W 54TH PL and AVE TO S KEDZIE AVE,41.7945062,-87.698699,google,,,google
20147,3,Street Speed Hump Menu,W 57 PL-- S NORMAL BV (500 W) -to- Dead End (525 W) 1,2008,1750.0,2498,W 57th PL AND S NORMAL BV,W 57th PL AND Dead End,41.7894486,-87.6377298,google,,,google
20153,14,Street Resurfacing Menu,ON W 57TH ST FROM S SACRAMENTO AVE (3000 W) TO S KEDZIE AVE (3200 W),2018,152997.23,12078,W 57TH ST and S SACRAMENTO AVE,W 57TH ST and AVE TO S KEDZIE AVE,41.7899651,-87.6985577,google,,,google
20181,13,Curb/Gutter Menu,W 58 ST-- S KILDARE AV (4300 W) -to- Dead End (4309 W),2009,2429.0,9983,W 58th ST AND S KILDARE AV,W 58th ST AND Dead End,41.7876747,-87.7303526,google,,,google
20221,20,Street Resurface Menu,W 59 PL-- S PRINCETON AV (300 W) -to- Dead End (330 W),2006,25308.0,15953,W 59th PL AND S PRINCETON AV,W 59th PL AND Dead End,41.7872291,-87.6327945,google,,,google
20270,23,Street Resurface Menu,W 60 PL-- Dead End (6884 W) -to- S NEW ENGLAND AV (6920 W),2005,15124.0,18020,W 60th PL AND Dead End,W 60th PL AND S NEW ENGLAND AV,,,google,41.7823763,-87.7942634,google
20312,23,Sidewalk Menu,W 60 ST-- STCHEZ AV (6500 W) -to- STCHEZ AV (6500 W),2009,9110.0,18296,W 60th ST AND STCHEZ AV,W 60th ST AND STCHEZ AV,,,google,,,google
20313,20,Street Resurface Menu,W 61 PL-- S PRINCETON AV (300 W) -to- Dead End (722 W),2010,7289.0,16121,W 61st PL AND S PRINCETON AV,W 61st PL AND Dead End,41.7825733,-87.6326742,google,,,google
20314,16,Street Speed Hump Menu,W 61 PL-- S UNION AV (700 W) -to- Dead End (722 W) 1,2006,2500.0,13093,W 61st PL AND S UNION AV,W 61st PL AND Dead End,41.7825211,-87.6425562,google,,,google
20397,16,Street Speed Hump Menu,W 63 PW-- S HALSTED (W) PW(754 W) -to- S SANGAMON ST (932 W) 4,2010,7400.0,13333,W 63 PW AND S HALSTEDPW,W 63 PW AND S SANGAMON ST,,,google,41.862288,-87.6498593,google
20656,17,Sidewalk Menu,W 70 PL-- S HOYNE AV (2100 W) -to- Dead End (318 W),2008,36944.0,13976,W 70th PL AND S HOYNE AV,W 70th PL AND Dead End,41.765687,-87.6759893,google,,,google
20693,6,Sidewalk Menu,W 72 ST-- S LAFAYETTE AV (40 W) -to- Dead End (2127 W),2007,29558.0,4371,W 72nd ST AND S LAFAYETTE AV,W 72nd ST AND Dead End,41.7636627,-87.6265296,google,,,google
20721,17,Sidewalk Menu,W 73 ST-- S MARSHFIELD AV (1632 W) -to- Dead End (414 W),2005,20752.0,13812,W 73rd ST AND S MARSHFIELD AV,W 73rd ST AND Dead End,41.7612466,-87.6649409,google,,,google
20791,18,Sidewalk Menu,W 77 PL-- S HAMILTON AV (2132 W) -to- Dead End (2141 W),2009,24058.0,14716,W 77th PL AND S HAMILTON AV,W 77th PL AND Dead End,41.7532307,-87.6767728,google,,,google
20792,18,Street Resurface Menu,W 77 PL-- S HAMILTON AV (2132 W) -to- Dead End (2141 W),2010,12961.0,14795,W 77th PL AND S HAMILTON AV,W 77th PL AND Dead End,41.7532307,-87.6767728,google,,,google
20873,18,Street Resurface Menu,W 80 ST-- S LAWNDALE AV (3700 W) -to- Dead End (2131 W),2008,39250.0,14665,W 80th ST AND S LAWNDALE AV,W 80th ST AND Dead End,41.7477853,-87.7145151,google,,,google
20885,18,Street Lighting,W 80 ST-- Dead End (2252 W) -to- S OAKLEY AV (2300 W),2005,1200.0,14494,W 80th ST AND Dead End,W 80th ST AND S OAKLEY AV,,,google,41.7483195,-87.680437,google
20893,18,Pole Painting,W 80 ST-- Dead End (2252 W) -to- S WESTERN AV (2400 W),2006,1600.0,14553,W 80th ST AND Dead End,W 80th ST AND S WESTERN AV,,,google,41.748288,-87.6827476,google
20894,18,Street Lighting,W 80 ST-- Dead End (2252 W) -to- S WESTERN AV (2400 W),2006,3200.0,14573,W 80th ST AND Dead End,W 80th ST AND S WESTERN AV,,,google,41.748288,-87.6827476,google
20895,18,Street Lighting,W 80 ST-- Dead End (2252 W) -to- S WESTERN AV (2400 W),2008,110000.0,14690,W 80th ST AND Dead End,W 80th ST AND S WESTERN AV,,,google,41.748288,-87.6827476,google
20920,18,Pole Painting,W 81 ST-- Dead End (2222 W) -to- S OAKLEY AV (2300 W),2007,600.0,14624,W 81st ST AND Dead End,W 81st ST AND S OAKLEY AV,,,google,41.7454595,-87.6804428,google
20934,18,Pole Painting,W 82 PL-- S DAMEN AV (2000 W) -to- Dead End (2150 W),2006,1800.0,14554,W 82nd PL AND S DAMEN AV,W 82nd PL AND Dead End,41.7438762,-87.6729752,google,,,google
20946,18,Street Resurface Menu,W 82 ST-- Dead End (3652 W) -to- S HAMLIN AV (3800 W),2006,56956.0,14545,W 82nd ST AND Dead End,W 82nd ST AND S HAMLIN AV,,,google,41.7440882,-87.716852,google
20984,18,Street Lighting,W 84 PL-- S ST LOUIS AV (3500 W) -to- Dead End (3531 W),2006,1200.0,14576,W 84th PL AND S ST LOUIS AV,W 84th PL AND Dead End,41.7396335,-87.7094113,google,,,google
20995,18,Miscellaneous-CDOT,W 84 PL-- Dead End (3652 W) -to- W COLUMBUS AV (3779 W),2009,15412.0,14704,W 84th PL AND Dead End,W 84th PL AND W COLUMBUS AV,,,google,41.7395166,-87.716489,google
20996,21,Curb/Gutter Menu,W 84 ST-- S ASHLAND AV (1600 W) -to- Dead End (3531 W),2008,57059.0,16669,W 84th ST AND S ASHLAND AV,W 84th ST AND Dead End,41.7412479,-87.6632794,google,,,google
21028,18,Curb/Gutter Menu,W 85 ST-- S DAMEN AV (2000 W) -to- Dead End (2109 W),2008,44199.0,14641,W 85th ST AND S DAMEN AV,W 85th ST AND Dead End,41.7392861,-87.6728764,google,,,google
21029,18,Street Resurface Menu,W 85 ST-- W COLUMBUS AV (3865 W) -to- Dead End (2109 W),2009,16261.0,14730,W 85th ST AND W COLUMBUS AV,W 85th ST AND Dead End,41.7385867,-87.7176371,google,,,google
21101,21,Curb/Gutter Menu,W 90 PL-- S PAULINA ST (1700 W) -to- Dead End (1721 W),2010,74362.0,16779,W 90th PL AND S PAULINA ST,W 90th PL AND Dead End,41.7293249,-87.66531,google,,,google
21128,21,Street Resurface Menu,W 92 ST-- S HARVARD AV (324 W) -to- Dead End (335 W),2007,20574.0,16638,W 92nd ST AND S HARVARD AV,W 92nd ST AND Dead End,41.7266266,-87.6321715,google,,,google
21141,21,Street Resurface Menu,W 93 PL-- Dead End (231 W) -to- S PRINCETON AV (270 W),2008,23018.0,16687,W 93rd PL AND Dead End,W 93rd PL AND S PRINCETON AV,,,google,41.7250446,-87.6304319,google
21142,21,Curb/Gutter Menu,W 93 ST-- S HARVARD AV (320 W) -to- Dead End (334 W),2008,36749.0,16670,W 93rd ST AND S HARVARD AV,W 93rd ST AND Dead End,41.7258278,-87.6320528,google,,,google
21143,21,Street Resurface Menu,W 93 ST-- S HARVARD AV (320 W) -to- Dead End (334 W),2008,19461.0,16688,W 93rd ST AND S HARVARD AV,W 93rd ST AND Dead End,41.7258278,-87.6320528,google,,,google
21157,21,Street Resurface Menu,W 94 PL-- S HARVARD AV (325 W) -to- Dead End (334 W),2008,20276.0,16689,W 94th PL AND S HARVARD AV,W 94th PL AND Dead End,41.7237509,-87.6319736,google,,,google
21158,19,Curb/Gutter Menu,W 94 ST-- S VANDERPOEL AV (1732 W) -to- Dead End (1029 W),2007,43248.0,15361,W 94th ST AND S VANDERPOEL AV,W 94th ST AND Dead End,41.7229931,-87.6663157,google,,,google
21193,21,Sidewalk Menu,W 96 ST-- S HARVARD AV (326 W) -to- Dead End (344 W),2008,39907.0,16685,W 96th ST AND S HARVARD AV,W 96th ST AND Dead End,41.7197816,-87.6322624,google,,,google
21245,2,Street Speed Hump Menu,W 9 ST-- S PLYMOUTH CT (20 W) -to- S PARK TR (73 W) 1,2007,1650.0,1072,W 9th ST AND S PLYMOUTH CT,W 9th ST AND S PARK TR,,,google,41.8705187,-87.6295426,google
21246,2,Street Lighting,W 9 ST-- S STATE ST (0 E) -to- S PARK TR (73 W),2009,18000.0,1608,W 9th ST AND S STATE ST,W 9th ST AND S PARK TR,,,google,41.8705187,-87.6295426,google
21248,2,Pole Painting,W ADAMS ST-- S JEFFERSON ST (600 W) -to- E KENNEDY EXIT RP (720 W),2008,900.0,1345,W ADAMS ST AND S JEFFERSON ST,W ADAMS ST AND E KENNEDY EXIT RP,41.87927515900003,-87.64257548999996,census,,,google
21249,2,Street Lighting,W ADAMS ST-- S JEFFERSON ST (600 W) -to- E KENNEDY EXIT RP (720 W),2008,1600.0,1437,W ADAMS ST AND S JEFFERSON ST,W ADAMS ST AND E KENNEDY EXIT RP,41.87927515900003,-87.64257548999996,census,,,google
21252,2,Street Lighting,W ADAMS ST-- E KENNEDY EXIT RP (720 W) -to- S CANAL ST (440 W),2010,9450.0,1762,W ADAMS ST AND E KENNEDY EXIT RP,W ADAMS ST AND S CANAL ST,,,google,41.87931535800004,-87.63960077299998,census
21253,2,Street Lighting,W ADAMS ST-- E KENNEDY EXIT RP (720 W) -to- S CANAL ST (440 W),2010,6400.0,1763,W ADAMS ST AND E KENNEDY EXIT RP,W ADAMS ST AND S CANAL ST,,,google,41.87931535800004,-87.63960077299998,census
21301,2,Pole Painting,W ADAMS ST-- W KENNEDY ENTR RP (713 W) -to- S WACKER RP (320 W),2010,5850.0,1705,W ADAMS ST AND W KENNEDY ENTR RP,W ADAMS ST AND S WACKER RP,,,google,41.8793492,-87.6367124,google
21302,2,Pole Painting,W ADAMS ST-- W KENNEDY ENTR RP (713 W) -to- S WACKER RP (320 W),2010,3000.0,1706,W ADAMS ST AND W KENNEDY ENTR RP,W ADAMS ST AND S WACKER RP,,,google,41.8793492,-87.6367124,google
21327,30,Street Lighting,W ADDISON ST-- W KENNEDY EXIT RP (3604 W) -to- N PULASKI RD (4000 W),2008,32400.0,24076,W ADDISON ST AND W KENNEDY EXIT RP,W ADDISON ST AND N PULASKI RD,,,google,41.94637511800005,-87.72739913299995,census
21330,30,Pole Painting,W ADDISON ST-- N PULASKI RD (4000 W) -to- W KENNEDY EXIT RP (3604 W),2008,7200.0,24064,W ADDISON ST AND N PULASKI RD,W ADDISON ST AND W KENNEDY EXIT RP,41.94637511800005,-87.72739913299995,census,,,google
21331,30,Street Lighting,W ADDISON ST-- N PULASKI RD (4000 W) -to- W KENNEDY EXIT RP (3604 W),2008,9600.0,24077,W ADDISON ST AND N PULASKI RD,W ADDISON ST AND W KENNEDY EXIT RP,41.94637511800005,-87.72739913299995,census,,,google
21400,49,Sidewalk Menu,W ALBION AV-- Dead End (1056 W) -to- N WINTHROP AV (1100 W),2010,11727.0,39245,W ALBION AV AND Dead End,W ALBION AV AND N WINTHROP AV,,,google,42.00258520300008,-87.65861484099997,census
21496,40,Street Resurface Menu,W ARDMORE AV-- N RICHMOND ST (2929 W) -to- Dead End (3081 W),2009,76801.0,32250,W ARDMORE AV AND N RICHMOND ST,W ARDMORE AV AND Dead End,41.98673880700005,-87.70291399899997,census,,,google
21535,47,Street Resurface Menu,W ARGYLE ST-- Dead End (1829 W) -to- N DAMEN AV (2000 W),2010,71159.0,37591,W ARGYLE ST AND Dead End,W ARGYLE ST AND N DAMEN AV,,,google,41.97239986900007,-87.67929314099996,census
21652,41,Street Resurface Menu,W BALMORAL AV-- N ORIOLE AV (7600 W) -to- Dead End (3009 W),2006,8052.0,32821,W BALMORAL AV AND N ORIOLE AV,W BALMORAL AV AND Dead End,41.97791515500006,-87.81688584499994,census,,,google
21665,41,Curb/Gutter Menu,W BALMORAL AV-- Dead End (7570 W) -to- N ORIOLE AV (7600 W),2005,19651.0,32733,W BALMORAL AV AND Dead End,W BALMORAL AV AND N ORIOLE AV,,,google,41.97791515500006,-87.81688584499994,census
21701,31,Street Resurface Menu,W BARRY AV-- N PULASKI RD (4000 W) -to- Dead End (4550 W),2010,15938.0,25193,W BARRY AV AND N PULASKI RD,W BARRY AV AND Dead End,41.937270074000025,-87.72712980099999,census,,,google
21730,44,Street Resurface Menu,W BARRY AV-- Dead End (4289 W) -to- N SHERIDAN RD (400 W),2009,23332.0,35365,W BARRY AV AND Dead End,W BARRY AV AND N SHERIDAN RD,,,google,41.93773236100003,-87.63946409699997,census
22107,49,Sidewalk Menu,W BIRCHWOOD AV-- Dead End (1291 W) -to- N GREENVIEW AV (1450 W),2008,16318.0,39179,W BIRCHWOOD AV AND Dead End,W BIRCHWOOD AV AND N GREENVIEW AV,,,google,42.01817030600006,-87.66821031199999,census
22215,48,Miscellaneous-CDOT,W BRYN MAWR AV-- N LAKE SHORE EXIT RP (860 W) -to- N SHERIDAN RD (1000 W),2007,4837.0,38403,W BRYN MAWR AV AND N LAKE SHORE EXIT RP,W BRYN MAWR AV AND N SHERIDAN RD,,,google,41.983804289000034,-87.65518989699996,census
22216,48,Street Resurface Menu,W BRYN MAWR AV-- N LAKE SHORE EXIT RP (860 W) -to- N SHERIDAN RD (1000 W),2007,88064.0,38415,W BRYN MAWR AV AND N LAKE SHORE EXIT RP,W BRYN MAWR AV AND N SHERIDAN RD,,,google,41.983804289000034,-87.65518989699996,census
22217,48,Street Resurface Menu,W BRYN MAWR AV-- S LAKE SHORE ENTR RP (905 W) -to- N SHERIDAN RD (1000 W),2009,14268.0,38512,W BRYN MAWR AV AND S LAKE SHORE ENTR RP,W BRYN MAWR AV AND N SHERIDAN RD,,,google,41.983804289000034,-87.65518989699996,census
22221,48,Street Lighting,W BRYN MAWR AV-- N LAKE SHORE EXIT RP (860 W) -to- N WINTHROP AV (1120 W),2008,26949.0,38477,W BRYN MAWR AV AND N LAKE SHORE EXIT RP,W BRYN MAWR AV AND N WINTHROP AV,,,google,41.98365957400006,-87.65800381799994,census
22237,48,Street Light Pole Painting,ON W BRYN MAWR AVE FROM N BRYN MAWR AV LSD ER (930 W) TO N LSD BRYN MAWR AV XR (900 W),2014,1500.0,38655,W BRYN MAWR AVE and N BRYN MAWR AV LSD ER,W BRYN MAWR AVE and N LSD BRYN MAWR AV XR,,,google,41.9829975,-87.7496357,google
22254,46,Street Resurface Menu,W BUENA CR-- N KENMORE AV (1042 W) -to- Dead End (1073 W),2008,19221.0,36861,W BUENA CR AND N KENMORE AV,W BUENA CR AND Dead End,41.95862371500005,-87.65624310699997,census,,,google
22405,41,Street Resurface Menu,W CATHERINE AV-- CITY LIMITS (0 E) -to- N PITTSBURGH AV (8232 W),2008,23598.0,32947,W CATHERINE AV AND CITY LIMITS,W CATHERINE AV AND N PITTSBURGH AV,,,google,41.97728403200006,-87.83272822099997,census
22458,27,Street Resurface Menu,W CHESTNUT ST-- N ORLEANS ST (332 W) -to- Dead End (341 W),2009,4313.0,21827,W CHESTNUT ST AND N ORLEANS ST,W CHESTNUT ST AND Dead End,41.89816460900005,-87.63722903999997,census,,,google
22484,41,Curb/Gutter Menu,W CLARENCE AV-- N NEENAH AV (6500 W) -to- Dead End (6517 W),2008,519.0,32911,W CLARENCE AV AND N NEENAH AV,W CLARENCE AV AND Dead End,41.99462582600006,-87.78994053999998,census,,,google
22490,49,Street Lighting,W COLUMBIA AV-- Dead End (1116 W) -to- N LAKEWOOD AV (1310 W),2008,195000.0,39199,W COLUMBIA AV AND Dead End,W COLUMBIA AV AND N LAKEWOOD AV,,,google,42.00449063000008,-87.66360754099998,census
22499,18,Pole Painting,W COLUMBUS AV-- W 83 ST (3663 W) -to- W 87 ST (4030 W),2006,6000.0,14559,W COLUMBUS AV AND W 83rd ST,W COLUMBUS AV AND W 87th ST,41.74138900300005,-87.71409732599994,census,,,google
22500,18,Pole Painting,W COLUMBUS AV-- W 83 ST (3663 W) -to- W 87 ST (4030 W),2006,13250.0,14560,W COLUMBUS AV AND W 83rd ST,W COLUMBUS AV AND W 87th ST,41.74138900300005,-87.71409732599994,census,,,google
22529,2,Pole Painting,W CONGRESS PW-- S LOOMIS ST (1400 W) -to- E EISENHOWER ENTR RP (1522 W),2009,3300.0,1527,W CONGRESS PW AND S LOOMIS ST,W CONGRESS PW AND E EISENHOWER ENTR RP,41.6981249,-87.6570798,google,,,google
22530,2,Pole Painting,W CONGRESS PW-- S LOOMIS ST (1400 W) -to- E EISENHOWER ENTR RP (1522 W),2009,1500.0,1528,W CONGRESS PW AND S LOOMIS ST,W CONGRESS PW AND E EISENHOWER ENTR RP,41.6981249,-87.6570798,google,,,google
22531,2,Street Lighting,W CONGRESS PW-- S LOOMIS ST (1400 W) -to- E EISENHOWER ENTR RP (1522 W),2009,4400.0,1615,W CONGRESS PW AND S LOOMIS ST,W CONGRESS PW AND E EISENHOWER ENTR RP,41.6981249,-87.6570798,google,,,google
22532,2,Street Lighting,W CONGRESS PW-- S MAPLEWOOD AV (2550 W) -to- E EISENHOWER ENTR RP (2257 W),2008,8400.0,1439,W CONGRESS PW AND S MAPLEWOOD AV,W CONGRESS PW AND E EISENHOWER ENTR RP,41.87494976000005,-87.69063324299998,census,,,google
22533,2,Street Lighting,W CONGRESS PW-- S LOOMIS ST (1400 W) -to- E EISENHOWER EXIT RP (1284 W),2009,2000.0,1616,W CONGRESS PW AND S LOOMIS ST,W CONGRESS PW AND E EISENHOWER EXIT RP,41.6981249,-87.6570798,google,,,google
22548,2,Street Lighting,W CONGRESS PW-- E EISENHOWER ENTR RP (2257 W) -to- S MAPLEWOOD AV (2550 W),2008,27000.0,1438,W CONGRESS PW AND E EISENHOWER ENTR RP,W CONGRESS PW AND S MAPLEWOOD AV,,,google,41.87494976000005,-87.69063324299998,census
22705,27,Street Resurface Menu,W COUCH PL-- N DESPLAINES ST (640 W) -to- Dead End (670 W),2010,17498.0,21877,W COUCH PL AND N DESPLAINES ST,W COUCH PL AND Dead End,41.88510801500007,-87.64422364399996,census,,,google
22930,31,Curb/Gutter Menu,W DICKENS AV-- N KILPATRICK AV (4700 W) -to- Dead End (3120 W),2010,7765.0,25166,W DICKENS AV AND N KILPATRICK AV,W DICKENS AV AND Dead End,41.91879065100005,-87.74373997499998,census,,,google
22931,30,Sidewalk Menu,W DICKENS AV-- N PULASKI RD (4000 W) -to- Dead End (3120 W),2008,20563.0,24031,W DICKENS AV AND N PULASKI RD,W DICKENS AV AND Dead End,41.91899566600006,-87.72661123499995,census,,,google
22937,31,Street Lighting,W DICKENS AV-- Dead End (4652 W) -to- N KILPATRICK AV (4700 W),2008,1500.0,25073,W DICKENS AV AND Dead End,W DICKENS AV AND N KILPATRICK AV,,,google,41.91879065100005,-87.74373997499998,census
23130,43,Street Resurface Menu,W ELM ST-- Dead End (331 W) -to- N WELLS ST (200 W),2006,14349.0,34392,W ELM ST AND Dead End,W ELM ST AND N WELLS ST,,,google,41.902887977000034,-87.63443923799997,census
23250,49,Street Resurface Menu,W FARGO AV-- Dead End (1303 W) -to- N GREENVIEW AV (1450 W),2008,23086.0,39192,W FARGO AV AND Dead End,W FARGO AV AND N GREENVIEW AV,,,google,42.017121116000055,-87.66817413299998,census
23279,40,Street Resurfacing Menu,ON W FARRAGUT AVE FROM N LEAVITT ST (2200 W) TO N DAMEN AV (2000 W) ON N PAULINA ST FROM W THORNDALE AV (5840 N) TO W,2013,75103.0,32403,W FARRAGUT AVE FROM N LEAVITT ST (2200 W) TO N DAMEN AV (2000 W) ON N PAULINA ST and N LEAVITT ST TO N DAMEN AV ON N PAULINA ST FROM W THORNDALE AV,W FARRAGUT AVE FROM N LEAVITT ST (2200 W) TO N DAMEN AV (2000 W) ON N PAULINA ST and N DAMEN AV ON N PAULINA ST FROM W THORNDALE AV TO W,41.988576,-87.6996448,google,,,google
23347,32,Pole Painting,W FLETCHER ST-- N DAMEN AV (2000 W) -to- Dead End (2024 W),2006,600.0,25734,W FLETCHER ST AND N DAMEN AV,W FLETCHER ST AND Dead End,41.938660955000046,-87.67832434799999,census,,,google
23348,32,Street Lighting,W FLETCHER ST-- N DAMEN AV (2000 W) -to- Dead End (2024 W),2006,1200.0,25790,W FLETCHER ST AND N DAMEN AV,W FLETCHER ST AND Dead End,41.938660955000046,-87.67832434799999,census,,,google
23349,32,Street Resurface Menu,W FLETCHER ST-- N DAMEN AV (2000 W) -to- Dead End (2024 W),2007,21255.0,25845,W FLETCHER ST AND N DAMEN AV,W FLETCHER ST AND Dead End,41.938660955000046,-87.67832434799999,census,,,google
23430,27,Curb/Gutter Menu,W FRY ST-- Dead End (1233 W) -to- N ELIZABETH ST (1238 W),2005,18734.0,21600,W FRY ST AND Dead End,W FRY ST AND N ELIZABETH ST,,,google,41.8971187,-87.6599987,google
23431,27,Street Resurface Menu,W FRY ST-- Dead End (1233 W) -to- N ELIZABETH ST (1238 W),2005,3477.0,21611,W FRY ST AND Dead End,W FRY ST AND N ELIZABETH ST,,,google,41.8971187,-87.6599987,google
23442,27,Street Resurfacing Menu,ON W FULTON BLVD FROM N SACRAMENTO BLVD (3000 W) TO N KEDZIE AVE (3200 W),2022,143661.63,22326,W FULTON BLVD and N SACRAMENTO BLVD,W FULTON BLVD and BLVD TO N KEDZIE AVE,41.88648281700006,-87.70135830299995,census,,,google
23443,27,Street Light Residential,ON W FULTON BLVD FROM N SACRAMENTO BV (3000 W) TO N KEDZIE AV (3200 W),2013,16000.0,22010,W FULTON BLVD and N SACRAMENTO BV,W FULTON BLVD and BV TO N KEDZIE AV,41.88648281700006,-87.70135830299995,census,,,google
23885,2,Pole Painting,W HASTINGS ST-- Dead End (1556 W) -to- S ASHLAND AV (1600 W),2009,1200.0,1532,W HASTINGS ST AND Dead End,W HASTINGS ST AND S ASHLAND AV,,,google,41.864176462000046,-87.66631694499995,census
23886,2,Street Lighting,W HASTINGS ST-- Dead End (1556 W) -to- S ASHLAND AV (1600 W),2009,1200.0,1620,W HASTINGS ST AND Dead End,W HASTINGS ST AND S ASHLAND AV,,,google,41.864176462000046,-87.66631694499995,census
23887,2,Street Lighting,W HASTINGS ST-- Dead End (1556 W) -to- S ASHLAND AV (1600 W),2009,500.0,1621,W HASTINGS ST AND Dead End,W HASTINGS ST AND S ASHLAND AV,,,google,41.864176462000046,-87.66631694499995,census
23932,41,Street Resurface Menu,W HIGHLAND AV-- N NEVA AV (7120 W) -to- Dead End (6518 W),2009,32139.0,33000,W HIGHLAND AV AND N NEVA AV,W HIGHLAND AV AND Dead End,41.99693324200007,-87.80490256099995,census,,,google
24225,27,Pole Painting,W JACKSON BV-- S GREEN ST (832 W) -to- E KENNEDY EXIT RP (726 W),2009,600.0,21842,W JACKSON BV AND S GREEN ST,W JACKSON BV AND E KENNEDY EXIT RP,41.8779291,-87.6484099,google,,,google
24226,27,Street Lighting,W JACKSON BV-- S GREEN ST (832 W) -to- E KENNEDY EXIT RP (726 W),2009,800.0,21854,W JACKSON BV AND S GREEN ST,W JACKSON BV AND E KENNEDY EXIT RP,41.8779291,-87.6484099,google,,,google
24230,2,Pole Painting,W JACKSON BV-- E KENNEDY EXIT RP (726 W) -to- S CANAL ST (440 W),2008,3000.0,1355,W JACKSON BV AND E KENNEDY EXIT RP,W JACKSON BV AND S CANAL ST,,,google,41.87804507300007,-87.63956057499996,census
24231,2,Pole Painting,W JACKSON BV-- E KENNEDY EXIT RP (726 W) -to- S CANAL ST (440 W),2008,3000.0,1356,W JACKSON BV AND E KENNEDY EXIT RP,W JACKSON BV AND S CANAL ST,,,google,41.87804507300007,-87.63956057499996,census
24232,2,Street Lighting,W JACKSON BV-- E KENNEDY EXIT RP (726 W) -to- S CANAL ST (440 W),2008,8000.0,1445,W JACKSON BV AND E KENNEDY EXIT RP,W JACKSON BV AND S CANAL ST,,,google,41.87804507300007,-87.63956057499996,census
24233,2,Street Lighting,W JACKSON BV-- E KENNEDY EXIT RP (726 W) -to- S CANAL ST (440 W),2008,13500.0,1446,W JACKSON BV AND E KENNEDY EXIT RP,W JACKSON BV AND S CANAL ST,,,google,41.87804507300007,-87.63956057499996,census
24234,2,Street Lighting,W JACKSON BV-- E KENNEDY EXIT RP (726 W) -to- S CANAL ST (440 W),2008,8000.0,1447,W JACKSON BV AND E KENNEDY EXIT RP,W JACKSON BV AND S CANAL ST,,,google,41.87804507300007,-87.63956057499996,census
24235,2,Street Lighting,W JACKSON BV-- E KENNEDY EXIT RP (726 W) -to- S CANAL ST (440 W),2008,13500.0,1448,W JACKSON BV AND E KENNEDY EXIT RP,W JACKSON BV AND S CANAL ST,,,google,41.87804507300007,-87.63956057499996,census
24281,49,Sidewalk Menu,W JARVIS AV-- Dead End (1290 W) -to- N SHERIDAN RD (1350 W),2010,5269.0,39249,W JARVIS AV AND Dead End,W JARVIS AV AND N SHERIDAN RD,,,google,42.0161051,-87.6651023,google
24449,33,Street Resurface Menu,W LELAND AV-- Dead End (2861 W) -to- N MANOR AV (2919 W),2006,17612.0,26596,W LELAND AV AND Dead End,W LELAND AV AND N MANOR AV,,,google,41.96668358900007,-87.70155125699995,census
24544,35,Curb/Gutter Menu,W LOGAN BV-- W LOGAN (N) BV(3127 W) -to- N MILWAUKEE AV (3132 W),2005,12512.0,28116,W LOGAN BV AND W LOGANBV,W LOGAN BV AND N MILWAUKEE AV,,,google,41.9287538,-87.7068816,google
24558,35,Sidewalk Menu,W LOGAN BV-- N MAPLEWOOD AV (2532 W) -to- W LOGAN (N) BV(3127 W),2007,21014.0,28221,W LOGAN BV AND N MAPLEWOOD AV,W LOGAN BV AND W LOGANBV,41.9282301,-87.6914204,google,,,google
24563,49,Sidewalk Menu,W LOYOLA AV-- Dead End (1050 W) -to- N WINTHROP AV (1100 W),2007,5648.0,39141,W LOYOLA AV AND Dead End,W LOYOLA AV AND N WINTHROP AV,,,google,42.00156415200007,-87.65858268199997,census
24575,49,Curb/Gutter Menu,W LUNT AV-- Dead End (1188 W) -to- N SHERIDAN RD (1240 W),2007,45019.0,39131,W LUNT AV AND Dead End,W LUNT AV AND N SHERIDAN RD,,,google,42.00918585800008,-87.66208802299997,census
24626,43,Street Resurface Menu,W MAPLE ST-- N LA SALLE DR (140 W) -to- Dead End (170 W),2007,6299.0,34457,W MAPLE ST AND N LA SALLE DR,W MAPLE ST AND Dead End,41.90182672700007,-87.63293981999999,census,,,google
24676,31,Street Lighting,W MCLEAN AV-- Dead End (4654 W) -to- N KILPATRICK AV (4700 W),2008,2000.0,25074,W MCLEAN AV AND Dead End,W MCLEAN AV AND N KILPATRICK AV,,,google,41.91787411700005,-87.74371987599994,census
24965,49,Street Lighting,W NORTH SHORE AV-- Dead End (1113 W) -to- N LAKEWOOD AV (1310 W),2008,195000.0,39200,W NORTH SHORE AV AND Dead End,W NORTH SHORE AV AND N LAKEWOOD AV,,,google,42.00350575700003,-87.66357136199997,census
24969,49,Sidewalk Menu,W NORTH SHORE AV-- Dead End (1113 W) -to- N SHERIDAN RD (1200 W),2008,9639.0,39185,W NORTH SHORE AV AND Dead End,W NORTH SHORE AV AND N SHERIDAN RD,,,google,42.0035372,-87.6608341,google
24970,49,Street Resurface Menu,W NORTH SHORE AV-- Dead End (1113 W) -to- N SHERIDAN RD (1200 W),2009,40340.0,39217,W NORTH SHORE AV AND Dead End,W NORTH SHORE AV AND N SHERIDAN RD,,,google,42.0035372,-87.6608341,google
25037,27,Street Resurface Menu,W OGDEN AV-- N CLYBOURN AV (1480 N) -to- Dead End (1443 N),2008,27064.0,21798,W OGDEN AV AND N CLYBOURN AV,W OGDEN AV AND Dead End,41.908041473000026,-87.64551000799997,census,,,google
25141,31,Curb/Gutter Menu,W PARKER AV-- N LARAMIE AV (5200 W) -to- Dead End (4121 W),2010,9171.0,25174,W PARKER AV AND N LARAMIE AV,W PARKER AV AND Dead End,41.9305001,-87.756386,google,,,google
25142,31,Curb/Gutter Menu,W PARKER AV-- N LAVERGNE AV (5000 W) -to- Dead End (4121 W),2010,9993.0,25172,W PARKER AV AND N LAVERGNE AV,W PARKER AV AND Dead End,41.9305546,-87.7514643,google,,,google
25143,31,Curb/Gutter Menu,W PARKER AV-- N LECLAIRE AV (5100 W) -to- Dead End (4121 W),2010,20383.0,25173,W PARKER AV AND N LECLAIRE AV,W PARKER AV AND Dead End,41.9305296,-87.7539239,google,,,google
25162,30,Curb/Gutter Menu,W PATTERSON AV-- N PULASKI RD (4000 W) -to- Dead End (4134 W),2005,53694.0,23797,W PATTERSON AV AND N PULASKI RD,W PATTERSON AV AND Dead End,41.9472848,-87.7273993,google,,,google
25165,38,Street Lighting,W PATTERSON AV-- Dead End (4652 W) -to- N CICERO AV (4800 W),2007,4200.0,30721,W PATTERSON AV AND Dead End,W PATTERSON AV AND N CICERO AV,,,google,41.9470361,-87.7470632,google
25191,42,Curb/Gutter Menu,W PEARSON ST-- N STATE ST (0 E) -to- Dead End (9 W),2005,10000.0,33461,W PEARSON ST AND N STATE ST,W PEARSON ST AND Dead End,41.89752142700007,-87.62822047199995,census,,,google
25194,42,Miscellaneous-CDOT,W PEARSON ST-- N STATE ST (0 E) -to- N DEARBORN ST (36 W),2006,21488.0,33552,W PEARSON ST AND N STATE ST,W PEARSON ST AND N DEARBORN ST,41.89752142700007,-87.62822047199995,census,,,google
25195,42,Street Resurface Menu,W PEARSON ST-- N STATE ST (0 E) -to- N DEARBORN ST (36 W),2006,6625.0,33574,W PEARSON ST AND N STATE ST,W PEARSON ST AND N DEARBORN ST,41.89752142700007,-87.62822047199995,census,,,google
25198,47,Street Resurface Menu,W PENSACOLA AV-- N CAMPBELL AV (2516 W) -to- Dead End (2573 W),2010,37042.0,37598,W PENSACOLA AV AND N CAMPBELL AV,W PENSACOLA AV AND Dead End,41.96038442600008,-87.69177891099997,census,,,google
25364,49,Sidewalk Menu,W PRATT BV-- Dead End (1124 W) -to- N SHERIDAN RD (1206 W),2009,3056.0,39207,W PRATT BV AND Dead End,W PRATT BV AND N SHERIDAN RD,,,google,42.00554384000003,-87.66091823599999,census
25376,2,Pole Painting,W QUINCY ST-- Dead End (773 W) -to- S JEFFERSON ST (600 W),2008,600.0,1367,W QUINCY ST AND Dead End,W QUINCY ST AND S JEFFERSON ST,,,google,41.878644036000026,-87.64255539099997,census
25377,2,Street Lighting,W QUINCY ST-- Dead End (773 W) -to- S JEFFERSON ST (600 W),2008,1200.0,1464,W QUINCY ST AND Dead End,W QUINCY ST AND S JEFFERSON ST,,,google,41.878644036000026,-87.64255539099997,census
25419,26,Street Resurface Menu,W REFECTORY DR & W HUMBOLT DR & W PARKING LOT DR,2011,22066.0,21195,W REFECTORY DR & W HUMBOLT DR,W REFECTORY DR & W PARKING LOT DR,41.9011913,-87.7022585,google,,,google
25420,26,Curb & Gutter Menu,ON W REFECTORY DR FROM W HUMBOLT DR TO W PARKING LOT DR,2012,78593.0,21226,W REFECTORY DR and W HUMBOLT DR,W REFECTORY DR and W PARKING LOT DR,41.9011913,-87.7022585,google,,,google
25667,38,Street Resurfacing Menu,ON W SCHOOL ST FROM N PARIS AVE (8130 W) TO N PIONEER AVE (8200 W) ON N OPAL AVE FROM W SCHOOL ST (3300 N) TO W,2015,30961.0,31047,W SCHOOL ST FROM N PARIS AVE (8130 W) TO N PIONEER AVE (8200 W) ON N OPAL AVE and N PARIS AVE TO N PIONEER AVE ON N OPAL AVE FROM W SCHOOL ST,W SCHOOL ST FROM N PARIS AVE (8130 W) TO N PIONEER AVE (8200 W) ON N OPAL AVE and N PIONEER AVE ON N OPAL AVE FROM W SCHOOL ST TO W,,,google,,,google
25725,43,Curb/Gutter Menu,W SCOTT ST-- N WELLS ST (200 W) -to- DEAD END (300 W),2007,5976.0,34442,W SCOTT ST AND N WELLS ST,W SCOTT ST AND DEAD END,41.904950179000025,-87.63451561599999,census,,,google
25726,43,Street Speed Hump Menu,W SCOTT ST-- N WELLS ST (200 W) -to- DEAD END (300 W) 2,2008,3500.0,34505,W SCOTT ST AND N WELLS ST,W SCOTT ST AND DEAD END,41.904950179000025,-87.63451561599999,census,,,google
25765,49,Curb/Gutter Menu,W SHERWIN AV-- Dead End (1277 W) -to- N SHERIDAN RD (1342 W),2007,19350.0,39132,W SHERWIN AV AND Dead End,W SHERWIN AV AND N SHERIDAN RD,,,google,42.01502273500006,-87.66468888999998,census
25778,1,Curb/Gutter Menu,W ST HELEN CT-- N STAVE ST (2682 W) -to- Dead End (2689 W),2006,35163.0,111,W ST HELEN CT AND N STAVE ST,W ST HELEN CT AND Dead End,41.919619,-87.6947025,google,,,google
25926,3,Street Bump Outs Menu,W SWANN ST-- S WENTWORTH AV (235 W) -to- Dead End (334 W),2008,4173.0,2477,W SWANN ST AND S WENTWORTH AV,W SWANN ST AND Dead End,41.8098292,-87.6322709,google,,,google
26043,2,Pole Painting,W TILDEN ST-- W EISENHOWER EXIT RP (950 W) -to- W VAN BUREN ST (1174 W),2009,2100.0,1538,W TILDEN ST AND W EISENHOWER EXIT RP,W TILDEN ST AND W VAN BUREN ST,,,google,41.87653359600006,-87.65637174299997,census
26044,2,Street Lighting,W TILDEN ST-- W EISENHOWER EXIT RP (950 W) -to- W VAN BUREN ST (1174 W),2009,2800.0,1635,W TILDEN ST AND W EISENHOWER EXIT RP,W TILDEN ST AND W VAN BUREN ST,,,google,41.87653359600006,-87.65637174299997,census
26055,3,Curb/Gutter Menu,W TREMONT ST-- S NORMAL BV (500 W) -to- Dead End (524 W),2008,88331.0,2470,W TREMONT ST AND S NORMAL BV,W TREMONT ST AND Dead End,41.7925896,-87.6378203,google,,,google
26096,2,Pole Painting,W VAN BUREN ST-- W EISENHOWER ENTR RP (2050 W) -to- S WESTERN AV (2400 W),2006,188.0,1006,W VAN BUREN ST AND W EISENHOWER ENTR RP,W VAN BUREN ST AND S WESTERN AV,,,google,41.87608738800003,-87.68626764599998,census
26097,2,Street Lighting,W VAN BUREN ST-- S LAFLIN ST (1500 W) -to- W EISENHOWER EXIT RP (1522 W),2009,55000.0,1636,W VAN BUREN ST AND S LAFLIN ST,W VAN BUREN ST AND W EISENHOWER EXIT RP,41.87639691900006,-87.66428690199996,census,,,google
26190,27,Street Resurface Menu,W WALNUT ST-- Dead End (773 W) -to- N HALSTED ST (800 W),2010,10302.0,21881,W WALNUT ST AND Dead End,W WALNUT ST AND N HALSTED ST,,,google,41.886221524000064,-87.64748779199994,census
26195,27,Street Resurface Menu,W WALTON ST-- N ORLEANS ST (332 W) -to- Dead End (340 W),2005,12225.0,21612,W WALTON ST AND N ORLEANS ST,W WALTON ST AND Dead End,41.89972432600007,-87.63728933799996,census,,,google
26303,42,Street Lighting,W WASHINGTON BV-- N WACKER (UW) DR(322 W) -to- N RIVERSIDE PZ (420 W),2006,1000.0,33620,W WASHINGTON BV AND N WACKERDR,W WASHINGTON BV AND N RIVERSIDE PZ,41.8832047,-87.6367896,google,,,google
26505,27,Street Resurface Menu,W WENDELL ST-- Dead End (316 W) -to- N ORLEANS ST (332 W),2010,7866.0,21883,W WENDELL ST AND Dead End,W WENDELL ST AND N ORLEANS ST,,,google,41.90128404200004,-87.63735365599996,census
26506,27,Curb/Gutter Menu,W WENDELL ST-- Dead End (316 W) -to- N SEDGWICK ST (348 W),2010,6395.0,21867,W WENDELL ST AND Dead End,W WENDELL ST AND N SEDGWICK ST,,,google,41.9092465,-87.6385491,google
26590,47,Alley Apron Menu,ON W WILSON AVE FROM 1616 W TO N ASHLAND AV (1600 W),2013,8647.0,37716,1616 W WILSON AVE,W WILSON AVE and N ASHLAND AV,,,census,41.9652248,-87.6694196,google
26607,47,Alley Apron Menu,ON W WILSON AVE FROM 1729 W TO N PAULINA ST (1700 W),2015,8354.0,37839,1729 W WILSON AVE,W WILSON AVE and N PAULINA ST,,,census,41.965207,-87.6709217,google
26614,39,Curb/Gutter Menu,W WINDSOR AV-- Dead End (3764 W) -to- N HAMLIN AV (3800 W),2009,40598.0,31513,W WINDSOR AV AND Dead End,W WINDSOR AV AND N HAMLIN AV,,,google,41.96374103200003,-87.72300941599997,census
26675,43,Pole Painting,W WISCONSIN ST-- N SEDGWICK ST (400 W) -to- Dead End (539 W),2005,1800.0,34359,W WISCONSIN ST AND N SEDGWICK ST,W WISCONSIN ST AND Dead End,41.91651137500003,-87.63876061699995,census,,,google
26812,11,Miscellaneous-CDOT,WPA-33 rd & Racine to Throop,2006,40000.0,8097,WPA & 33 rd,WPA & Racine to Throop,,,google,,,google
26816,49,Sidewalk Menu  1,709-1719 W CHASE AVE,2019,13440.13,39641,,,,,,,,
26817,49,Sidewalk Menu  7,627-7637 N PAULINA ST,2019,38761.88,39642,,,,,,,,
26818,49,Sidewalk Menu  1,343-1347 W ESTES AVE,2019,4298.21,39643,,,,,,,,
26819,49,Sidewalk Menu  1,547-1551 W FARWELL AVE,2019,5449.74,39644,,,,,,,,
26820,49,Sidewalk Menu  2,044-2054 W CHASE AVE,2019,5132.87,39645,,,,,,,,
26821,49,Sidewalk Menu  1,400-1406 W NORTH SHORE AVE,2019,4704.48,39646,,,,,,,,
26822,49,Sidewalk Menu  1,216-1220 W ALBION AVE,2019,2826.52,39647,,,,,,,,
26823,43,Street Resurfacing Menu,1-20 E BANKS ST,2021,13606.915,43083,,,,,,,,
